,#peaks_0.05,#peaks_0.1,freq 0,freq 1,freq 2,height 0,height 1,height 2,width 0,width 1,width 2,prominence 0,prominence 1,prominence 2,low_freq_noise,target
0,27.0,8.0,12.04227082821332,0.4096010485786844,12.779552715654953,5.3007263745308135,2.647101455027944,2.2044317810339753,1.955502859772139,1.9878908360781886,3.729877157813064,5.243352279128821,2.144431197019866,2.143644269316816,1.0,1.0
1,52.0,35.0,0.4096010485786844,9.338903907594002,12.04227082821332,3.0182445191758105,2.8740282472936576,2.822887619327237,1.6213903690419014,5.118141933651245,1.9219562384615188,2.1779771614960515,2.7918281182059164,2.646478771429612,1.0,1.0
2,36.0,20.0,12.04227082821332,9.830425165888425,0.3276808388629475,3.9299574002847706,2.800291277437848,2.2703491487861567,2.3018462559756756,2.144788723797191,2.1567091928813484,3.84691210620446,2.3746054564797507,1.9774796905467553,1.0,1.0
3,43.0,21.0,0.4096010485786844,12.04227082821332,9.830425165888425,3.1355499702506813,2.8780694077731783,2.486961837213585,1.2830142068498187,2.5997469271271996,2.4156592485702646,2.050284094428272,2.805042189694406,2.2773655156452515,1.0,1.0
4,12.0,5.0,8.464328899637243,0.36275695284159615,16.928657799274486,10.375804606556326,4.113640915602643,3.315880487914687,2.4402990566670155,0.919930368835522,2.342131652297951,10.264256793443302,3.1556494671536965,3.2702974597499193,1.0,1.0
5,12.0,6.0,8.464328899637243,0.36275695284159615,16.928657799274486,9.46219433451077,4.257093042596579,3.3858288945822737,2.4486889345364062,0.8812131590311578,2.3691851567353126,9.357333250005249,2.5951464381730154,3.3487969467247787,1.0,1.0
6,11.0,6.0,8.464328899637243,0.36275695284159615,16.928657799274486,8.284548785025894,4.714643864249673,3.5628031630885326,2.488620592421327,0.8503653983965513,2.503357760546862,8.233869769630015,2.5082694172463986,3.5447856148215533,1.0,1.0
7,12.0,6.0,8.464328899637243,0.36275695284159615,16.928657799274486,10.062084800016834,4.946120883894421,3.975469142403077,2.453099383135978,0.9810730572505291,2.421660147837855,9.897259834339026,4.286114833259141,3.9705213648588367,1.0,1.0
8,13.0,6.0,8.464328899637243,0.36275695284159615,16.928657799274486,10.102118696499604,4.597202297069826,3.7730078891408745,2.465742792733508,0.9752990876765222,2.382755162894,9.992042509902392,3.9573786194619927,3.7555125830656846,1.0,1.0
9,11.0,2.0,11.851851851851851,0.3418803418803419,7.407407407407407,6.9167195819994065,3.814463459972629,2.1182412492657967,2.6909532940665315,0.8552283879407208,2.586582183791549,6.838037006512479,1.7017633853765166,1.9655198102591425,1.0,1.0
10,15.0,4.0,11.851851851851851,0.3418803418803419,0.5698005698005698,5.8919550918764685,4.3899858740133455,2.672231547792703,2.8449701565297687,0.9794157397571963,1.0949431639452687,5.857727211084486,2.9142257198854624,1.3215969906149239,1.0,1.0
11,23.0,8.0,0.3418803418803419,8.433048433048434,7.407407407407407,3.707692464659463,3.564647855169564,2.942367032220437,0.9283756331162527,2.1309608358129566,2.3412185350647334,1.9377522502560562,3.5017745417839654,2.4198644557619318,1.0,1.0
12,9.0,2.0,11.851851851851851,0.3418803418803419,0.5698005698005698,8.262280274825113,4.244925119950438,2.3183638542577167,2.6917066976992174,0.9448398754803589,0.9480144924483964,8.203881952391495,2.375247046981819,0.743216308110566,1.0,1.0
13,1.0,1.0,9.633343163275336,19.266686326550676,0.6880959402339526,11.907799150430918,3.0578977639302622,1.8862558314213107,1.4372134772992382,2.040833134557431,2.0760625592818576,11.876284432352726,3.0266509868662816,0.6217029944632881,1.0,1.0
14,2.0,1.0,9.633343163275336,19.266686326550676,0.5897965202005309,10.936469682204196,2.9779575946527257,1.81162102912009,1.431625214376325,2.015063312688028,1.56608255038637,10.917480129925394,2.9740628140969063,0.14235884493671835,1.0,1.0
15,2.0,1.0,9.633343163275336,19.266686326550676,0.6880959402339526,10.292727956237837,2.0349306381047114,1.7763907910595875,1.4521467124380507,1.8894534354989219,0.675540388356139,10.238983367141332,2.029305247582769,0.19717782177059573,1.0,1.0
16,1.0,1.0,9.633343163275336,0.6880959402339526,0.8846947803007963,9.200412660708283,1.9295321412346236,1.5128705715400774,1.448170397303727,0.7634297871690485,0.6989693100271674,9.194551470814126,0.3227644681800024,0.19595796670753507,1.0,1.0
17,2.0,1.0,9.633343163275336,19.266686326550676,9.82994200334218,14.79109029953475,3.480049118048574,2.0595492615064046,1.4236506015924562,2.0757194905775407,2.532804717078676,14.7335706950922,3.472866300849555,1.1590094567902298,0.0,1.0
18,7.0,2.0,9.633343163275336,19.266686326550676,0.982994200334218,5.693403728390202,5.38360407214667,1.342672770247148,1.4274062282749753,1.9670971915267046,0.7586078705813719,5.672035560831446,5.369336683965588,0.11645226809071829,1.0,1.0
19,1.0,1.0,9.633343163275336,9.82994200334218,1.0812936203676398,10.401642106900905,1.3672380406126283,1.0316626314385364,1.4335810925062873,2.6161330529044307,0.6697565299239923,10.331098230864754,0.934958092491077,0.054007761409855526,1.0,1.0
20,17.0,1.0,11.992529244077462,17.595596185982505,19.168386906517245,8.768837008268052,2.3386837062810293,2.0307169637931657,1.9311410907634325,4.631659718811278,4.051250861513239,8.730552873385284,2.1964535446621163,1.4924557212374276,0.0,1.0
21,13.0,6.0,11.992529244077462,0.1965988400668436,5.996264622038731,10.11536649758956,7.638412236417249,4.515637037933454,1.8112782163970138,0.6954727008804924,1.3159692498710243,10.09064212747348,0.8494274336284846,4.411991559387593,1.0,1.0
22,1.0,1.0,11.992529244077462,11.697630983977197,0.6880959402339526,16.611764651478538,2.5777486113811072,1.690584544984192,1.7188878791992153,2.559400047031275,3.437260204308311,16.547387040302315,2.22049754850847,1.504669884114434,1.0,1.0
23,7.0,3.0,11.992529244077462,0.1965988400668436,1.3761918804679052,11.354653725624885,6.702438602434728,6.120660255602666,1.6902896725048038,0.543162012475574,1.404696556794656,11.352217606124624,0.19775864039578028,5.727448002128178,1.0,1.0
24,2.0,1.0,11.992529244077462,11.697630983977197,5.996264622038731,16.217770660826716,2.4883536855631534,1.7135885245282552,1.676572859492751,2.6839324656815364,1.3873315954499503,16.177620302765092,2.0806890679545607,1.6394883638424194,0.0,1.0
25,3.0,2.0,11.992529244077462,5.996264622038731,11.697630983977197,13.310073047063003,4.437883795768658,2.102565910751865,1.6533621882010578,1.350922881412977,2.7768730146223533,13.267893645023541,4.3938091325454804,1.9222981070347276,0.0,1.0
26,2.0,2.0,11.992529244077462,5.996264622038731,0.7863953602673744,12.182048853916886,7.763035514757765,1.8835973570771831,1.7128601294998305,1.3286092457707,3.2884937928336857,12.144383633386441,7.697907499278199,1.575158565091784,1.0,1.0
27,39.0,27.0,1.83127823220608,0.4883408619216213,0.8545965083628372,4.064294448108169,4.047348231519373,3.3588625734569084,1.0519745881720421,1.0727312020743063,1.7460105447564853,3.2877085246648563,2.3558581375979992,1.3682017801857056,1.0,1.0
28,27.0,14.0,9.766817238432424,0.7325112928824319,1.3429373702844585,4.614397482082199,4.4151031158722045,2.6379250279339552,2.4719779602117455,1.5962076552739806,1.0739846968417286,4.522085996899768,2.1496315239074284,1.9161296974529645,1.0,1.0
29,41.0,27.0,0.6104260774020266,1.83127823220608,1.3429373702844585,4.073258070254787,3.6091006266205983,2.7146684050466634,2.5511408383418637,1.2364654621879545,1.1188209025683094,2.2838873994361295,3.380940448926711,1.9544335394978303,1.0,1.0
30,13.0,6.0,9.766817238432424,0.6104260774020266,1.3429373702844585,7.049195204191734,2.582744383743792,2.253900775111568,2.3708045188020037,0.5460420194277913,1.2378813521272658,7.032534168344221,0.17296897980907344,1.7584458298615728,1.0,1.0
31,43.0,28.0,0.8545965083628372,1.3429373702844585,0.4883408619216213,3.8756057905897703,3.085195651309072,3.0004766046191604,1.0575081918509772,1.2852483760608902,0.5913366492037175,3.0109225115170526,2.7589942423695213,0.2818952198299316,1.0,1.0
32,26.0,14.0,9.766817238432424,0.8545965083628372,7.6913685752655345,6.386294001194434,2.8766242211062707,2.587372772813698,2.160365266143174,1.0497804348570599,1.1839960309351198,6.227404569091801,1.6508616271871488,2.2428353804881374,1.0,1.0
33,4.0,4.0,9.766817238432424,4.883408619216213,19.655719692345254,9.836650963048912,8.88212548308915,4.609266428040053,2.274073434274513,1.3489867015396584,1.1374912244422433,9.77136812211047,8.76720638140639,4.5527796531103935,0.0,1.0
34,8.0,5.0,9.766817238432424,7.935539006226345,19.655719692345254,8.999517127491892,2.3477496591096925,2.1180579396789345,2.697233456536395,1.25781395372924,1.2623167241955855,8.948657332103105,2.046072109002065,2.116860340498804,0.0,1.0
35,3.0,2.0,9.766817238432424,19.655719692345254,0.6104260774020266,13.489295483802405,5.984100865638572,1.934613594440303,2.4452068641448506,1.1346314672624658,0.8016687945354013,13.450900535414098,5.967561160904044,0.8020985903521689,1.0,1.0
36,2.0,2.0,9.766817238432424,19.655719692345254,10.499328531314855,14.033172155163612,5.253041279174369,1.4122956699586424,2.339171834810301,1.1043849497076508,0.8861489052943483,13.970181434685056,5.223715084195606,0.2145021444162063,0.0,1.0
37,3.0,2.0,9.766817238432424,19.655719692345254,10.499328531314855,13.570611928857785,5.206419373481543,1.3222949160349402,2.4230694293122497,1.119035230471809,0.9682898193732399,13.554220666093533,5.162730326074978,0.17392108473660883,0.0,1.0
38,4.0,2.0,10.010987669393236,7.569283359785129,0.24417043096081065,17.415201584904246,3.9108900995807594,2.1155843934116336,1.3413342500851684,1.5362627219679155,1.2693156746132486,17.355050119348235,3.8122423106579246,1.71308980692217,1.0,1.0
39,16.0,5.0,10.010987669393236,0.24417043096081065,7.569283359785129,11.270236407170774,5.6143365294771765,3.7755922221975817,1.2410395087778454,2.1712890252582095,2.2181870326701727,11.070037490853563,5.239629317153176,3.5209850811945342,1.0,1.0
40,3.0,1.0,10.010987669393236,7.569283359785129,0.24417043096081065,18.12818696640466,2.986248022359033,1.8056690992880848,1.3492698495899447,1.5017563767012234,1.1717983911602574,18.107280214036965,2.7657407147613284,1.7382842300205366,1.0,1.0
41,22.0,7.0,0.24417043096081065,10.010987669393236,0.6104260774020266,8.098882971486175,7.688752546199564,3.3727553761228948,1.904517352001056,1.395018049094105,0.6952636763755371,7.397723055937749,7.650831235090865,0.7080057719982986,1.0,1.0
42,4.0,1.0,10.010987669393236,7.569283359785129,0.24417043096081065,18.097732503879087,2.5109404505301574,2.0212012341513907,1.3445589465549261,1.3913855328142617,1.192929794159602,17.97834399876005,2.27216384800728,1.4918987239964483,1.0,1.0
43,9.0,2.0,10.010987669393236,0.24417043096081065,7.569283359785129,12.133796673537493,5.195848306025606,2.4437727806323433,1.3781196847124733,1.4861456943500677,1.7816362533508965,11.941638869505427,4.14634557414987,2.2353318797494355,1.0,1.0
44,4.0,1.0,10.010987669393236,0.24417043096081065,0.6104260774020266,15.764005910197131,3.2290154230955213,2.2638950494013472,1.3843804287502621,1.3700456099027272,0.6956454957981473,15.697144136577455,2.139054197353052,0.5088473898486017,1.0,1.0
45,5.0,1.0,10.010987669393236,0.24417043096081065,0.6104260774020266,14.402643361559225,4.1189825410716026,2.8613342793246237,1.3602793357252665,2.3502162486091636,0.739245653791055,14.280334280706793,3.568728128250469,0.7242776856175692,1.0,1.0
46,4.0,2.0,10.010987669393236,7.569283359785129,4.883408619216213,16.225624829093974,2.8957639274158233,2.7481626711324973,1.3167009257468436,1.533055371487741,2.2814088662722085,16.20494510763408,2.747208890294457,2.6874921899536,0.0,1.0
47,6.0,2.0,10.010987669393236,7.569283359785129,0.24417043096081065,11.815293861780695,6.45391993285382,2.3590948615168243,1.2818142669182748,1.8218354928927738,0.7562480294046312,11.720898375294613,6.341047561461366,0.6565138707327931,1.0,1.0
48,5.0,2.0,10.010987669393236,0.24417043096081065,7.569283359785129,13.980877359160251,4.060372034601444,2.8696762726476672,1.2999469168649682,0.761575331825608,2.2069205437487653,13.943253502731158,1.4785039276927145,2.6835530125199893,1.0,1.0
49,53.0,25.0,11.960350618497582,0.3276808388629475,13.271073973949372,3.1988071342013167,2.6499790806017303,2.648336883568467,2.480603756472817,2.07678341067298,2.4177293582103516,3.1459611976604758,1.62832605819482,2.5488178938600283,1.0,1.0
50,45.0,29.0,11.878430408781846,13.189153764233634,0.3276808388629475,2.9318056406803734,2.8847258802438254,2.7588397462407954,4.118958100427648,2.423702508073518,2.005007633920858,2.881074603301328,2.4317561565384973,2.5599811251273157,1.0,1.0
51,45.0,24.0,11.960350618497582,0.3276808388629475,13.271073973949372,3.587471399990948,2.849962063838169,2.7196049003831293,2.266697713313249,2.0154050577674694,2.8888180177683296,3.539628424446694,2.4894679411109886,2.4399223175827585,1.0,1.0
52,54.0,37.0,0.3276808388629475,12.04227082821332,11.141148521340213,2.9437949768705587,2.4186060462204058,2.378763299889476,1.9850903440455818,4.63574174322045,4.8227737968188364,2.696494115319264,2.3697512025776106,1.951801530686673,1.0,1.0
53,40.0,20.0,13.189153764233634,12.28803145736053,12.943393135086426,4.059607122331378,3.83040592184538,3.0978376218398016,2.0203218635153632,1.9999343237232665,1.786150895535144,4.022977292170677,3.462091012076935,2.012029976749816,0.0,1.0
54,49.0,27.0,13.189153764233634,0.3276808388629475,14.09027607110674,3.511995116976437,3.1942936784379485,2.612135241597024,2.668111061509677,1.7781707546050098,2.1891321595226145,3.419424493074528,2.772761628698742,1.8975912789821474,1.0,1.0
55,43.0,26.0,0.3276808388629475,6.5536167772589495,12.28803145736053,3.0170066903118435,2.7023204398881564,2.653094137734388,1.8434678138025111,3.1342891182487023,1.8397007851675085,2.4678430017777506,2.6173723564936666,2.563363652143026,1.0,1.0
56,38.0,16.0,9.011223068731056,8.847382649299579,8.519701810436635,3.917706987274757,3.897422109004272,3.564277937360918,5.130519558528675,0.9862110718808452,2.380070823731529,3.817812020036886,2.037710011572176,2.2851977305652635,0.0,0.0
57,50.0,34.0,5.7344146801015805,6.635536986974686,0.3276808388629475,2.9190833536299863,2.8455162215503567,2.3855519428461345,5.75145584476229,2.820568234411681,2.1525847245401772,2.8135650810788473,2.2978554472998174,2.024922053115505,1.0,0.0
58,32.0,17.0,8.847382649299579,8.519701810436635,9.011223068731056,3.775234808821039,3.699149476674496,3.663084448842101,2.7564057255502803,1.6605452529124847,1.108118697074275,3.688773323791943,1.907400129909411,1.9396423200259312,0.0,0.0
59,47.0,25.0,8.601622020152371,14.336036700253949,0.4096010485786844,2.8576218206082973,2.8362500157620723,2.7276661383298597,4.669902670890849,2.3117114474537743,2.0055372797753424,2.8055231369187346,2.788711131251418,2.0033063011361407,1.0,0.0
60,32.0,12.0,0.4096010485786844,0.5734414680101579,13.1072335545179,3.513071875466451,2.6570319488586573,2.5212834256101675,1.1859028373884377,1.8246997681200554,2.0755744199124706,2.175969568765007,1.118813319948151,2.4927222438956114,1.0,0.0
61,44.0,19.0,8.601622020152371,8.765462439583844,9.584664536741213,4.118825984876469,3.708610861270192,3.0111207837643303,5.173663369974392,1.076054836173924,2.1558849975307197,4.054490276344953,1.4182783250367152,2.466257056408306,0.0,0.0
62,44.0,24.0,8.601622020152371,0.4096010485786844,8.765462439583844,4.140627843827373,3.0012271146729534,2.9248596844814703,1.2477275384741802,1.6181776137936086,0.9247015672550134,4.071892491026885,1.6334969998631201,1.8083328398264744,1.0,0.0
63,33.0,22.0,0.4096010485786844,0.5734414680101579,8.765462439583844,3.8231428311673215,2.9815406166445784,2.71069273344397,1.456297587069443,1.2545031492147487,2.377526932535247,2.915818374966351,0.6829328331405193,2.6227986681872513,1.0,0.0
64,12.0,4.0,8.464328899637243,0.36275695284159615,0.6045949214026602,8.821095261158739,4.1223664844915335,2.52221917185,2.443985337397365,0.8153597049183618,0.8963258650661885,8.794370895410818,1.8434352771380484,1.3226028808482548,1.0,0.0
65,9.0,3.0,8.464328899637243,0.36275695284159615,16.928657799274486,9.062003691923328,3.862267724334035,2.6839458453571634,2.439423568242276,0.8094915872913377,2.424723627962834,8.910918386041248,1.6346063027136886,2.63969834954286,1.0,0.0
66,9.0,5.0,8.464328899637243,0.36275695284159615,16.928657799274486,10.065642463766805,4.26547698665754,3.0507225057759246,2.4672881030974025,1.0497714745994071,2.4080021401148315,10.037742023088219,4.2349808928486095,3.024906771725496,1.0,0.0
67,12.0,5.0,8.464328899637243,0.36275695284159615,0.6045949214026602,8.069391378889689,5.017584820998102,2.496791960169177,2.4604948430242075,1.0034787134741272,0.850252807406588,8.009897530978357,4.005486201842322,1.457018012448598,1.0,0.0
68,13.0,5.0,8.464328899637243,0.36275695284159615,16.928657799274486,9.687654058993813,3.59416821299532,2.6357934468560105,2.42448762982292,0.9163148995203056,2.353560507063378,9.659695079112698,2.84494062034123,2.5819540012470523,1.0,0.0
69,11.0,2.0,8.464328899637243,1.692865779927449,1.3301088270858523,3.877714959137055,1.4777109254632492,1.2708240880246442,2.461033476827211,0.9118556786188794,0.5150022376360521,3.8491440723496404,0.3802261989403941,0.0052009565858550655,1.0,0.0
70,13.0,4.0,8.464328899637243,1.692865779927449,4.2321644498186215,5.047625714791072,2.4045029810045757,2.2589409818872834,2.402322840980034,1.4921306034575093,2.4128974848188562,4.98840888848018,1.4350510674573613,2.1078621781341464,0.0,0.0
71,14.0,6.0,8.464328899637243,0.36275695284159615,0.6045949214026602,8.359777966644891,4.031806709579128,2.418832931866441,2.4764523375434493,0.7875009341133463,0.8778906867410647,8.30481463582984,1.705001485915583,1.3522365635577045,1.0,0.0
72,17.0,4.0,8.464328899637243,4.2321644498186215,0.6045949214026602,5.833612245268828,3.466523145663293,2.5088412238855597,2.3968611553477928,2.457575847451757,0.6688492243569866,5.796170915435904,3.3754409015982048,0.41932412690435195,1.0,0.0
73,13.0,5.0,8.464328899637243,0.36275695284159615,0.6045949214026602,8.556609596733011,3.9995770623139673,2.565085421499464,2.4484206889563325,0.7617957195908356,0.8565361601915047,8.477133007137835,1.4144091585513463,1.2668687190148096,1.0,0.0
74,14.0,6.0,8.464328899637243,0.36275695284159615,16.928657799274486,7.766810937520517,4.536209540968403,3.149083954759233,2.474247411719304,0.791813409026072,2.5701089763491325,7.730313546812468,1.9559341057088453,3.094645411669355,1.0,0.0
75,14.0,6.0,8.464328899637243,0.36275695284159615,0.6045949214026602,8.826081366511023,4.4262681910402994,2.752726007299465,2.4341975465665655,0.8771633687060825,0.9186791373810914,8.776206343182091,2.5860730058717434,1.7547772402049047,1.0,0.0
76,14.0,4.0,8.464328899637243,0.36275695284159615,4.2321644498186215,7.38101013046461,3.76403480153641,2.8394698855484464,2.4245925128413006,0.7455312019637632,2.2302022364867753,7.348653606450454,1.1553124587881376,2.674999644875209,1.0,0.0
77,12.0,5.0,8.464328899637243,0.36275695284159615,16.928657799274486,8.613802437506315,3.915999963542416,2.676502231562909,2.4252971133100516,0.8146922630903619,2.4831876611401356,8.483743068592393,1.6848645063198338,2.6583334562919294,1.0,0.0
78,11.0,5.0,8.464328899637243,0.36275695284159615,16.928657799274486,8.313728054261531,4.3609435775898095,3.575804232995603,2.440670473858745,0.8751874895157359,2.5327961679427915,8.10927277942858,2.5901343730998136,3.51149974976039,1.0,0.0
79,13.0,7.0,8.464328899637243,0.36275695284159615,16.928657799274486,8.993985864072156,4.89953756793943,3.4416689900896476,2.4295533382735925,0.9818023729531578,2.71000530018199,8.915350698222339,4.387575090356908,3.399411123545262,1.0,0.0
80,17.0,6.0,8.464328899637243,0.36275695284159615,4.2321644498186215,9.154074687273546,4.282016702020471,2.6457308591344484,2.4172788727054666,0.9144836730304595,2.372418325025123,9.146876194893794,3.04551541665637,2.5339068582874087,1.0,0.0
81,13.0,6.0,8.464328899637243,0.36275695284159615,0.6045949214026602,9.287860160463696,3.9792473493303184,2.5042739518607102,2.4475838530991183,0.9005515178582888,0.9437528090152316,9.272052530756056,2.5992218349875276,1.769580322967306,1.0,0.0
82,12.0,6.0,8.464328899637243,0.36275695284159615,16.928657799274486,10.013374277158356,4.6866672737996335,3.5648271225913124,2.42139934970443,0.9861210700816176,2.381563258699515,9.901205439072813,4.0165329036713455,3.4798730204453636,1.0,0.0
83,11.0,8.0,8.464328899637243,0.36275695284159615,16.928657799274486,8.963870158448122,4.8066435571484405,3.2649781824346484,2.437167961204466,0.8926336304374161,2.5723618441865312,8.87131643774806,3.048517336063597,3.209269930225089,1.0,0.0
84,11.0,5.0,8.464328899637243,0.36275695284159615,16.928657799274486,10.740333280681934,3.984413297148466,2.5571247548320906,2.4622792261192643,0.9415311537215865,2.3854841898651102,10.684311304834045,3.1064016798210785,2.533514928350135,1.0,0.0
85,16.0,6.0,8.464328899637243,0.36275695284159615,0.6045949214026602,11.020488079538207,4.229597843040706,2.743401060374559,2.418040833005989,0.923501901420448,0.9567599015229433,11.00811997383256,3.142879718368124,2.2243883502774553,1.0,0.0
86,20.0,10.0,4.2321644498186215,8.464328899637243,0.36275695284159615,7.304076642669425,6.539526613189918,3.5875964810528638,2.431606229736353,2.3798987582837867,0.9879734734061909,7.26154051428987,6.533893681426265,3.4597908274571405,1.0,0.0
87,14.0,7.0,8.464328899637243,0.36275695284159615,16.928657799274486,9.225950521516056,5.187508510802684,4.2899591706663065,2.4826759102403173,0.9613641548790417,2.3722750341556775,9.101340590287494,4.312489760854003,4.2733605599664966,1.0,0.0
88,15.0,6.0,8.464328899637243,0.36275695284159615,16.928657799274486,9.477095982929816,4.299985437299693,3.3719638445847817,2.4484441053758985,0.9628567741061875,2.3828693539233825,9.307005920761263,3.5968489434629145,3.3224927778307265,1.0,0.0
89,20.0,10.0,4.2321644498186215,8.464328899637243,0.36275695284159615,6.873020087434759,6.8129681871113545,3.895049615616637,2.426608084910349,2.3638520423768767,0.9726608118870348,6.813406690932698,6.738477371428824,3.547715924650496,1.0,0.0
90,14.0,7.0,8.464328899637243,0.36275695284159615,16.928657799274486,9.47925393028124,5.068488669914354,4.1158495180277965,2.441945142692745,0.9693015907232012,2.404141687275086,9.294126001048285,4.2885404013605495,4.040601278673423,1.0,0.0
91,16.0,10.0,8.464328899637243,4.2321644498186215,0.36275695284159615,7.2946435253451725,5.501255731111614,3.780714008343264,2.4560739807294425,2.4524956833538383,0.9697832595557245,7.175298954345225,5.279350804258829,3.253397510214546,1.0,0.0
92,20.0,10.0,8.464328899637243,4.2321644498186215,0.36275695284159615,7.156229414617805,6.191019751478318,3.688685448998539,2.3680675718489823,2.43273412749992,0.9705802283410621,7.1086127415241736,6.131083220644559,3.3050251682547587,1.0,0.0
93,22.0,7.0,11.623931623931625,0.3418803418803419,0.5698005698005698,3.437189708510749,3.1858492344823044,1.9288824246630167,4.488169297523186,0.7344680009075049,1.1923419121685814,3.3878715305086815,0.9746433575537052,0.8214476300645412,1.0,0.0
94,19.0,6.0,0.3418803418803419,11.851851851851851,11.623931623931625,4.104362457469832,2.955288246106892,2.93093418914726,1.0316105843625087,4.891670012389582,0.9078414317523595,2.6007108500247256,2.8588372649388303,0.6466361645064889,1.0,0.0
95,18.0,6.0,11.851851851851851,0.3418803418803419,0.5698005698005698,4.43665950560695,2.8460983390274115,2.5383596702894016,2.5552882919066064,0.6396440112564763,1.6600991471625468,4.428557193490286,0.5490702555967579,1.6582255378770143,1.0,0.0
96,22.0,6.0,11.851851851851851,0.3418803418803419,10.484330484330485,3.1006691892590816,3.091690052832829,2.067523664093763,2.818244258858911,0.7862080727402148,3.3293477105712412,3.039498789179939,0.838843305857448,1.7664139777986503,1.0,0.0
97,30.0,6.0,11.623931623931625,0.6837606837606838,12.079772079772079,3.3339617669029087,2.670724368103275,1.637140957606468,3.2500615513154827,0.6324133170894779,2.1338845234143378,3.204254484008386,0.3815051647941763,1.3480810111158976,1.0,0.0
98,23.0,11.0,11.623931623931625,11.851851851851851,0.6837606837606838,2.4825492385150465,2.4129035537293926,2.325856901175918,4.940085167589231,0.921129403137968,0.6399612211405588,2.445120394435487,0.5360103387652817,0.2697886185621048,1.0,0.0
99,11.0,2.0,0.3418803418803419,11.851851851851851,0.5698005698005698,5.958825826922159,4.065400954140755,3.0893303057456887,1.0464905607437363,2.6054237678598753,0.7455864285565794,3.6439415259692742,4.0118919578233445,0.4644518401559181,1.0,0.0
100,15.0,3.0,0.3418803418803419,11.851851851851851,0.5698005698005698,4.605821762143162,3.648265810711875,2.8174432213593934,0.7615561018711532,2.6628488014574287,0.7752646581205767,1.2421967172437793,3.606543576584239,0.5862491363325244,1.0,0.0
101,17.0,10.0,1.7094017094017095,0.3418803418803419,3.532763532763533,4.056527630774132,3.877050937980379,2.759129120238744,2.3918961146838917,0.7304620236624684,2.6955144803179785,3.7293087639212565,0.9061264471938357,2.7116630811291236,1.0,0.0
102,21.0,13.0,0.3418803418803419,1.7094017094017095,11.623931623931625,3.788200945073,2.905970841455669,2.647756300895838,0.8217189401629463,2.620333813709948,4.231840091046024,1.455934006864791,2.7031238068736236,2.6294333443694673,1.0,0.0
103,7.0,0.0,11.851851851851851,12.193732193732195,11.054131054131057,5.135665274211875,1.7560254811781637,1.7211564130945078,2.5103696770082564,1.4601625857410596,1.8980796048254547,5.085987258817704,0.6748315500410922,1.0090581319578107,0.0,0.0
104,11.0,3.0,11.851851851851851,0.3418803418803419,1.7094017094017095,5.208020345125698,3.262441352339505,2.11541492759028,2.5415959558068124,0.7576267747361722,2.7395178114189154,5.1676229305697134,0.9208426018307607,1.9306688872965523,1.0,0.0
105,14.0,7.0,0.3418803418803419,2.7350427350427347,3.3048433048433052,3.511181165509943,2.4924774161272314,2.3430661029633377,0.8202463210274116,2.3769952254371702,4.027056125655289,1.410973576366215,2.273172981991229,1.6959962317835746,1.0,0.0
106,19.0,10.0,1.7094017094017095,3.3048433048433052,3.988603988603989,3.325549233601811,3.1371781532610368,2.80585787929668,2.6879764513790594,3.7688201780442157,2.5252046870994107,2.6087664246818982,2.792196739339027,2.3209481147184863,0.0,0.0
107,8.0,3.0,11.851851851851851,0.3418803418803419,0.5698005698005698,6.977354759516041,4.2910287574957815,2.1548810428811684,2.621219487916676,0.9841459503729517,0.9107725964602924,6.9409832538562695,2.6125642672834513,0.5619686956031276,1.0,0.0
108,5.0,2.0,11.851851851851851,0.3418803418803419,1.7094017094017095,5.519403784458526,3.698164678123767,2.6548872001992185,2.695206788238039,1.02182041396137,2.5045468032549323,5.484655764467322,1.9046614671175235,2.1250927274793323,1.0,0.0
109,23.0,9.0,3.3048433048433052,0.3418803418803419,5.470085470085469,3.19485346144545,2.6837140721115484,2.5594304392866185,4.37205459740699,0.7170865155967783,7.4891940161861115,3.088348737665082,0.8502201328397625,2.2429430835590374,1.0,0.0
110,8.0,4.0,11.851851851851851,0.3418803418803419,10.484330484330485,6.0269773198863525,4.2301706169471815,2.8508813375691853,2.7271531393632387,0.944031335175699,3.999743907865792,5.944751852403899,2.423526562654062,2.4698134226122486,1.0,0.0
111,25.0,13.0,0.3418803418803419,8.774928774928775,8.205128205128204,3.68565330668052,2.955568272109496,2.761792143957939,0.9612958304605383,6.002592786672565,2.4115251631319126,2.619609062747182,2.85393342382906,1.6895556331350108,1.0,0.0
112,21.0,8.0,0.3418803418803419,7.2934472934472945,3.3048433048433052,3.239880362219795,2.9832435255057512,2.7998842880155705,0.8689622615533468,2.7474511485005735,4.682531402415883,1.4402678048818796,2.813634350816162,2.629627225321447,1.0,0.0
113,18.0,4.0,11.851851851851851,10.484330484330485,0.5698005698005698,3.5519064846566986,3.384366730113824,2.115845918286945,3.5552534674087184,4.393811678529673,0.5426766253010911,3.501923001657062,3.0984880405548996,0.0690657929096492,1.0,0.0
114,28.0,14.0,0.3418803418803419,8.205128205128204,8.774928774928775,3.7842927912933777,3.4432399569229526,3.3936176306491608,1.0138150866081417,3.126972830582673,2.390004755684984,3.1023480305691176,3.1101987467749965,2.304865858436626,1.0,0.0
115,16.0,4.0,7.2934472934472945,0.3418803418803419,8.091168091168091,4.363271904114346,2.8006415566472507,2.2350247556629634,3.0466792620976264,0.6660609437421017,4.133124568509274,4.225087130266109,0.5792487891749185,1.9532385851432883,1.0,0.0
116,26.0,11.0,0.3418803418803419,10.484330484330485,11.965811965811966,3.3429589277181115,3.0633158180889004,2.6608380223139605,0.8240728627093912,5.057057782125128,2.1033755922504014,1.4945753936285568,3.0050553593017337,2.357357204198686,1.0,0.0
117,11.0,4.0,11.965811965811966,0.3418803418803419,11.396011396011396,4.27743987110247,3.7980302071860703,2.542218496457398,3.8124100567781625,0.556846986165549,1.5227765164116676,4.138889963615978,0.17666614593341734,1.0238988096875583,1.0,0.0
118,18.0,7.0,0.3418803418803419,11.851851851851851,0.5698005698005698,3.882290199585332,3.2845224690416277,2.3164122056478598,0.5957516793368001,3.43180214499165,0.97430902254027,0.3265228047035871,3.225142425427551,0.13917202171324394,1.0,0.0
119,14.0,4.0,11.509971509971509,0.3418803418803419,12.079772079772079,6.0000523351591335,3.8445108998639177,3.7710802804521513,3.0966962694183593,0.8410674135704999,2.2353649087797436,5.949935724425669,1.5608800604918844,3.3318979040204875,1.0,0.0
120,23.0,13.0,0.3418803418803419,3.988603988603989,11.623931623931625,3.944134061753667,3.1092064270238904,2.5459617193323303,0.915710544097196,2.2695931880638227,3.4985957823419938,2.0559087974573913,2.977023448943594,2.4413995476031696,1.0,0.0
121,19.0,10.0,2.7350427350427347,0.3418803418803419,0.5698005698005698,4.498825576333161,3.4405733407764605,2.786438562797975,2.7674525379446173,0.6284188694054351,1.7271318280281287,4.166327024670203,0.5226171853966322,1.3806798400612685,1.0,0.0
122,22.0,13.0,4.330484330484332,0.3418803418803419,5.2421652421652425,3.596904737767842,3.549979617728656,3.4984298989693845,3.2495507241166948,0.8092271657385703,1.763841086067643,3.393111232081695,1.4003461251329123,3.077818099704623,1.0,0.0
123,19.0,8.0,0.3418803418803419,11.851851851851851,7.407407407407407,4.361078031340317,4.152530097933938,3.5911988088051627,0.9844186896866498,2.798956573792367,2.9171393474365814,2.8967899537190345,4.098408816199695,3.3872017210434135,1.0,0.0
124,18.0,11.0,0.3418803418803419,4.6723646723646715,5.014245014245015,3.9341801064084136,3.80320515361057,3.7025953282644863,1.0156912144406007,5.010053411403618,0.8351542069935007,2.509586386072586,3.3933744891623463,1.3534031247504665,1.0,0.0
125,24.0,13.0,0.3418803418803419,8.774928774928775,7.521367521367521,3.665724394476887,2.9355581429484245,2.8349829710238303,0.9133512359903548,3.1966600777198835,2.5512800202214123,2.444176699721014,2.7322282550499604,2.624392518345975,1.0,0.0
126,6.0,2.0,9.633343163275336,7.07755824240637,0.6880959402339526,9.604614492306963,2.751563024821852,1.8423518578677764,1.3860290513764255,3.1857458564287526,0.6691053125592052,9.583935235254202,2.671467317974811,0.0903099780934733,1.0,0.0
127,4.0,1.0,9.633343163275336,19.266686326550676,9.928241423375603,11.508513665550762,2.778135093831374,1.6716944250033918,1.46485827144204,1.993996249547564,1.8379161243526028,11.475344676803505,2.763197021489356,0.7872810492435596,0.0,0.0
128,2.0,1.0,9.633343163275336,0.982994200334218,19.266686326550676,8.967938695419411,1.3820456125329068,1.340956821060813,1.430932883092467,0.6838046355278902,1.9141031788703913,8.890341886018499,0.2062051813310648,1.3199942538224665,1.0,0.0
129,2.0,1.0,9.633343163275336,19.266686326550676,0.6880959402339526,12.173363117608135,3.0073422633603752,2.0436360478127886,1.4361706277218644,2.0165673017430095,1.442484194598797,12.132952769853517,2.9862809631481424,0.47243832675215014,1.0,0.0
130,37.0,15.0,7.07755824240637,9.633343163275336,6.487761722205839,3.508426546743572,3.4744637359667587,2.951107408658236,2.180186328857374,1.7827910231471265,2.1979287859861856,3.4762052946842257,3.3701426906606455,2.3177879993861166,0.0,0.0
131,1.0,1.0,9.633343163275336,19.266686326550676,1.2778924604344837,7.830083514905385,1.3294803416792345,1.0170365392588896,1.4921603877784548,2.030644010379689,2.6209571819171185,7.75114150773416,1.3195057385041313,0.17241831728741774,1.0,0.0
132,2.0,1.0,9.633343163275336,19.266686326550676,0.6880959402339526,11.499439674659715,2.9077830379598146,1.7079699987450785,1.493627265509943,1.967976828440186,1.3759873416754553,11.462498985020618,2.875196901452785,0.024930436973676695,1.0,0.0
133,5.0,1.0,9.633343163275336,19.266686326550676,1.0812936203676398,7.598110342593572,1.4885308379793492,1.0860212129548474,1.442840805298033,2.5941438594890656,0.9713813208204698,7.536893476813385,1.4746075767773295,0.05819182534964562,1.0,0.0
134,4.0,1.0,9.633343163275336,0.7863953602673744,1.1795930404010615,9.034214128141508,2.135165325515948,1.3629501179964567,1.5285956248684158,1.955079717216126,1.5671852771218155,8.95992590409266,0.7123568990792377,0.5809634148873039,1.0,0.0
135,2.0,1.0,9.633343163275336,19.266686326550676,9.928241423375603,13.404735486668455,3.556137022337665,1.9040441374708768,1.448656334385518,1.9744382747583415,2.0700832509354967,13.341283811531358,3.5253328976682967,1.0533725864152896,0.0,0.0
136,5.0,2.0,9.633343163275336,7.07755824240637,4.816671581637668,10.5113154596939,2.068755406786812,1.816163653355373,1.3844986140937294,2.1852079055260987,1.1024124682373326,10.48573395601266,1.988296529984884,1.7164504516745038,0.0,0.0
137,33.0,19.0,6.487761722205839,7.07755824240637,7.470755922540058,3.7408073054059936,3.6628533736286686,3.0393845437440645,2.469517656878402,1.4862399891173368,1.7234307590797187,3.638095402490299,2.9962818743363395,1.6061704078871493,0.0,0.0
138,2.0,1.0,9.633343163275336,19.266686326550676,0.5897965202005309,13.10057977679004,2.442321286445125,1.6846753681353,1.425632813962224,2.0323106790552004,1.1216266796595837,13.05131820336037,2.427813265569823,0.4118060918615345,1.0,0.0
139,2.0,1.0,9.633343163275336,19.266686326550676,0.7863953602673744,12.959137187659733,2.510907599125675,1.7534846932597996,1.4313821443791284,2.0167980853892686,1.7498817167677645,12.882477327259686,2.5084676142245534,0.2927009715734872,1.0,0.0
140,7.0,1.0,9.633343163275336,1.1795930404010615,1.5727907205347489,7.242589150214026,1.2637885703413296,1.1458878502469303,1.4635032247929018,0.6836484692467515,1.7296395709319672,7.207728682748791,0.18064590404456027,0.5448661758851856,1.0,0.0
141,34.0,10.0,9.633343163275336,1.0812936203676398,1.5727907205347489,2.5079716219183448,1.32235199604938,1.2170404899713705,1.4836506148460131,0.7838038406153416,1.152987551123811,2.463536344662961,0.19241165374713032,0.3775344684272963,1.0,0.0
142,2.0,1.0,9.633343163275336,19.266686326550676,9.82994200334218,9.237812483064415,2.0567335150305253,1.0950577789235694,1.450345988062665,2.0444031228662425,2.071841255724408,9.199100877875576,2.047484679324983,0.6229245722083889,0.0,0.0
143,36.0,21.0,11.992529244077462,5.996264622038731,1.3761918804679052,4.618574348886868,3.4057889227770883,3.3345229318252185,1.233196732415763,1.5745449323884628,1.9598876803430834,4.548978796311335,3.3060501396703237,2.5210489456618017,1.0,0.0
144,2.0,2.0,5.996264622038731,11.992529244077462,5.701366361938464,16.184991689354618,4.440782118738684,2.187821813965653,1.3605361042030992,1.808870771228925,2.156745571259286,16.114098591262895,4.417486222561338,0.977675078030436,0.0,0.0
145,7.0,3.0,5.996264622038731,11.992529244077462,1.3761918804679052,10.16754557767538,6.132860987800659,2.4609117620233825,1.3229102131227677,1.757206966681963,1.5149947285622076,10.127336977995709,6.059188143545434,2.037975510185813,1.0,0.0
146,5.0,3.0,11.992529244077462,5.996264622038731,1.3761918804679052,12.607898115552535,4.356438744902434,2.7681033867926796,1.6529540840110144,1.3038370490631266,1.253992317644638,12.605750066406122,4.314034672108683,2.36591143723106,1.0,0.0
147,2.0,2.0,5.996264622038731,11.992529244077462,17.988793866116193,15.689132976428269,5.048159189583633,2.4473543899363714,1.367528408459897,1.7719540788469743,2.6047897580403117,15.587325293167698,4.971693527229328,2.444319119133966,0.0,0.0
148,3.0,3.0,5.996264622038731,11.992529244077462,1.3761918804679052,11.801379839662768,7.374258128895838,2.1473222775478797,1.3551632290723106,1.6531745256070849,1.010188839391299,11.704361570913601,7.329497114795403,1.7672679153636626,1.0,0.0
149,7.0,2.0,11.992529244077462,5.996264622038731,11.697630983977197,10.604455654975228,5.997742198462162,1.7984573036327989,1.7258736480064272,1.2962430637016809,2.1302143380433023,10.59469479181132,5.953197739318942,1.4570952044227417,0.0,0.0
150,2.0,2.0,5.996264622038731,11.992529244077462,0.7863953602673744,11.318056658999893,7.311953969506893,2.0189947805960418,1.3611813996870907,1.6845939822484723,2.359386569992094,11.287137866488111,7.200963087967754,1.2855660707951624,1.0,0.0
151,3.0,2.0,11.992529244077462,5.996264622038731,0.6880959402339526,10.15933165405534,8.165477485193168,1.9449780696277963,1.6711106662863529,1.335821265880412,2.4224734760843347,10.126161967637481,8.087329495533488,1.1939338391948437,1.0,0.0
152,15.0,4.0,11.992529244077462,1.3761918804679052,5.996264622038731,7.912921702627102,2.452933651492222,2.37271169355902,1.747013000940015,1.1000552839481532,1.930544035088765,7.882272777243097,1.742120891813457,2.291071783291101,1.0,0.0
153,38.0,16.0,11.992529244077462,5.996264622038731,0.29489826010026543,5.537640561045196,4.0175304024046055,3.9824958759467752,1.7764648282210942,1.3528140767555143,0.5352060350518655,5.52436260002358,3.97127539144588,0.06420571878443848,1.0,0.0
154,41.0,21.0,1.3761918804679052,11.992529244077462,3.342180281136341,3.9317593277041496,2.9577332632260505,2.6168171654743886,1.3179249530326729,2.673852141526126,1.585417672508001,3.215007772202563,2.907676273640454,2.4850985214125,1.0,0.0
155,11.0,2.0,11.992529244077462,5.996264622038731,1.3761918804679052,9.500800410855712,4.200962027025176,2.9174843182634054,1.9169713390636218,1.3464236761163733,2.736657337252165,9.42063356755627,4.11490894946653,2.1659643421872645,1.0,0.0
156,2.0,2.0,5.996264622038731,0.1965988400668436,11.992529244077462,14.889618800131506,7.056817618729969,6.325070258423202,1.3518286588009971,0.5077149130048682,1.6225383463205816,14.838756440948456,0.04555476051284302,6.217187340130899,1.0,0.0
157,46.0,28.0,5.996264622038731,11.992529244077462,17.595596185982505,4.137286723891092,3.0585287951172293,2.8359786453637046,1.1455650333785954,2.247208295617554,4.705719018916767,4.069470620691615,2.802554452535724,2.745697326721868,0.0,0.0
158,2.0,2.0,5.996264622038731,11.992529244077462,5.701366361938464,16.91181552321038,4.9092078099595735,2.25057762040536,1.360822413993894,1.8390858674431314,2.394621388586991,16.866602220513712,4.882847137524356,1.010109737111283,0.0,0.0
159,8.0,3.0,5.996264622038731,11.992529244077462,1.3761918804679052,11.014573288936065,5.588374199547674,4.044698878297298,1.3292248295609852,1.8000655207428338,1.2929232842379452,10.932688747734312,5.561277494446951,3.83498682944226,1.0,0.0
160,3.0,2.0,5.996264622038731,11.992529244077462,1.3761918804679052,16.428251500451914,4.2722307208186585,2.3926312496179154,1.367105938317728,1.626842830276658,1.402313504942402,16.34996784025228,4.252354598503631,2.0205872196904586,1.0,0.0
161,5.0,3.0,5.996264622038731,11.992529244077462,1.3761918804679052,9.607852817055392,8.234122336141171,2.7847460877644044,1.3763560861828736,1.6383696648678807,1.497147797848731,9.57208377501619,8.2174053394879,2.3566304788753953,1.0,0.0
162,6.0,3.0,5.996264622038731,11.992529244077462,17.988793866116193,12.106093886732873,4.259148850233537,2.705164063936329,1.3999557917384067,1.9426271104874218,1.748243349791636,12.005280437257495,4.13851654808958,2.5745130649572694,0.0,0.0
163,3.0,2.0,11.992529244077462,5.996264622038731,11.697630983977197,11.985723177448671,5.435487561023255,1.8377749326280781,1.7587368371208356,2.212833203738626,2.5090990894209853,11.92614410969812,5.328518080868836,1.7515581836942247,0.0,0.0
164,5.0,2.0,11.992529244077462,5.996264622038731,7.07755824240637,10.959880526524868,4.122638027790748,1.9748660440673416,1.8542489399776656,1.3764610212207273,2.0238142812205666,10.938523248025863,4.015358762967587,1.7924657225874527,0.0,0.0
165,34.0,16.0,0.8545965083628372,1.3429373702844585,1.098766939323648,3.2205358756009304,2.889803884774866,2.8829208052274065,0.7993614958074531,1.2034301790291568,0.9284999028286922,1.3875794994127135,2.3172103386468024,1.9799500120530973,1.0,0.0
166,27.0,13.0,9.766817238432424,0.6104260774020266,0.8545965083628372,3.3971620155172464,3.0397276244197573,2.9748189937441216,2.516451134720427,0.6518458054684806,0.8605450809983584,3.3280548716042326,0.4453288678172833,1.4014765172161339,1.0,0.0
167,31.0,23.0,0.8545965083628372,1.83127823220608,1.3429373702844585,3.073715135403116,2.7217229446666944,2.5369886069656062,1.0476622387202905,1.2946890671981262,0.9511586669525887,1.8419897891818076,2.134551838205242,1.5937461471013625,1.0,0.0
168,31.0,17.0,0.4883408619216213,0.24417043096081065,0.8545965083628372,4.4975640874419724,4.105284688129282,3.8553168956764456,0.8000417406711642,0.7265001893977927,1.8727552799451397,2.019184286719767,0.7369885302597954,2.72259178397673,1.0,0.0
169,5.0,3.0,9.766817238432424,0.8545965083628372,19.655719692345254,7.684555787910964,1.9985727622193272,1.6452370824678317,2.424451680512334,1.1378237227303858,1.0820050619966253,7.607712769904887,1.1731883920023864,1.6127888569154194,1.0,0.0
170,19.0,7.0,9.766817238432424,0.8545965083628372,1.3429373702844585,5.610402268871908,3.1324519545041585,2.6808702889490075,2.385519992419077,0.9991801635480027,1.2032180200499365,5.417483900609183,2.2084848635414946,2.124958984965563,1.0,0.0
171,6.0,2.0,9.766817238432424,0.6104260774020266,19.655719692345254,9.726183583752439,2.726885377668416,2.7160742747464903,2.504498440694647,0.7562010747905044,1.1983270872460707,9.700950069836107,0.8822153194659863,2.6963699809088753,1.0,0.0
172,6.0,3.0,9.766817238432424,19.655719692345254,0.6104260774020266,11.543478821679852,3.4824361951362284,2.628704326707596,2.4009306875054364,1.1536905904781634,0.8399365962570702,11.512999161256417,3.42934926303807,1.2443848447655563,1.0,0.0
173,6.0,2.0,9.766817238432424,19.655719692345254,9.400561591991211,12.416064483109743,4.720287690500354,2.4269126325306445,2.4534022830699627,1.121036850906421,0.6786275647889255,12.360901143530242,4.696004051305449,0.46532315763584364,0.0,0.0
174,2.0,2.0,9.766817238432424,19.655719692345254,0.6104260774020266,13.541510509848488,4.9895575325551205,1.2647538579731366,2.3992050169986356,1.0808706714924483,0.6907863259983467,13.52673350425406,4.955946636680541,0.3714286078038297,1.0,0.0
175,21.0,11.0,0.24417043096081065,1.3429373702844585,0.4883408619216213,7.2148830494572,4.453108102319684,4.167414706546963,0.5619124528125935,1.311305952079886,1.0920090989206388,0.6032277346089367,4.073626965857608,1.8241504284771128,1.0,0.0
176,4.0,3.0,9.766817238432424,19.655719692345254,10.255158100354047,13.113522771480227,3.671092967128722,2.032109509002653,2.313796095983733,1.1011788460329228,0.7242619772365515,13.068434436038507,3.660904158692481,0.5398396823064189,0.0,0.0
177,4.0,2.0,9.766817238432424,19.655719692345254,0.6104260774020266,13.221950080141996,5.111759203547028,1.5934789495219688,2.4091422908941524,1.0831712763126973,0.7432495067145926,13.146068220504983,5.067862182386294,0.6924030498588064,1.0,0.0
178,2.0,2.0,9.766817238432424,19.655719692345254,0.6104260774020266,13.1607456603652,5.378581151883533,1.6452427101587224,2.38578433715314,1.0975512274489745,0.7087495414854565,13.134112899187995,5.318100707834183,0.6150605878633368,1.0,0.0
179,2.0,2.0,9.766817238432424,19.655719692345254,0.6104260774020266,11.666906007696767,3.730390413790556,2.020436754489773,2.3945588796565858,1.1447635714736748,0.6363525861283366,11.642663356892315,3.712362973079936,0.4939026517217817,1.0,0.0
180,2.0,2.0,9.766817238432424,19.655719692345254,9.400561591991211,12.546662505034726,4.285117913012984,2.0025604956452825,2.3820414376505,1.1229657590598663,0.5049794593460746,12.532021321022375,4.256736385300232,0.009669284903154107,0.0,0.0
181,2.0,2.0,9.766817238432424,19.655719692345254,1.3429373702844585,12.575103859545814,4.65689169530602,1.0982504885049922,2.3993796389523823,1.1010876518188581,1.457139313384447,12.52545272213635,4.629123831223051,0.8874169153004103,1.0,0.0
182,2.0,2.0,9.766817238432424,19.655719692345254,0.6104260774020266,12.204510696175502,5.431607296532211,1.2993071669855594,2.3998684416772136,1.0975762825671325,0.5679069194375597,12.150436605986867,5.40159760631415,0.08288699344314354,1.0,0.0
183,3.0,2.0,9.766817238432424,19.655719692345254,0.6104260774020266,11.003873713043998,4.0381847187944375,1.831115133290622,2.366032761316376,1.1448393061672277,0.5177352260641519,10.91036173188653,4.026184930266509,0.052289718083746495,1.0,0.0
184,30.0,12.0,0.24417043096081065,0.4883408619216213,9.766817238432424,6.496112676061637,4.248672209621392,3.8933307285578835,0.6890835621657763,0.6157051296913298,2.5607859253339598,1.106568154535224,0.6786947878899556,3.7241994010521524,1.0,0.0
185,3.0,2.0,9.766817238432424,19.655719692345254,0.6104260774020266,11.259963088349144,5.096657905195023,1.4241756914500043,2.41076041150302,1.093185101443936,0.5639189980372299,11.254586605407699,5.085949890082136,0.10469981639112214,1.0,0.0
186,4.0,2.0,9.766817238432424,19.655719692345254,1.3429373702844585,10.809592840165466,4.801382100084597,1.3769106750151243,2.4140937310429536,1.1115141164525255,1.2351650882349912,10.747105720422544,4.788919657009134,1.139942863563836,1.0,0.0
187,6.0,2.0,9.766817238432424,19.655719692345254,9.400561591991211,9.503956607681458,4.07684737126326,1.850959112045785,2.4074878766493697,1.13456616326053,0.5109272877919295,9.436170524093823,4.052968774640101,0.02441628054189926,0.0,0.0
188,28.0,18.0,0.24417043096081065,0.4883408619216213,0.8545965083628372,5.121989555468464,5.086127825675379,3.884525416814829,0.6717924213542092,0.9667882911638372,1.0609735155472588,1.0907523667610013,3.1387613361221334,2.160479926469989,1.0,0.0
189,18.0,5.0,9.766817238432424,4.883408619216213,0.6104260774020266,7.579348526962893,5.290972518181571,3.5021318878174674,2.4568362161091954,1.3340429964090958,0.9939064952385337,7.489459789323966,5.197716252735206,2.101994017263336,1.0,0.0
190,27.0,13.0,9.766817238432424,0.6104260774020266,4.883408619216213,6.949899980045124,4.5976866639532945,2.677652373427565,2.407004648233979,0.9668628790326945,2.912187676682578,6.941760853083842,2.6789183683923885,2.556275658219503,1.0,0.0
191,5.0,3.0,4.883408619216213,9.766817238432424,19.655719692345254,12.529148666614685,6.092673386690563,3.564711160468609,1.3443553959022552,2.369747399391585,1.1675482314413728,12.35372729775385,5.88195703153762,3.547984950907627,0.0,0.0
192,5.0,3.0,4.883408619216213,9.766817238432424,19.655719692345254,12.301640675146976,8.27458720852439,3.5055904139754954,1.2594624893332522,2.2934655098437986,1.1222315869773922,12.243407206237357,8.121570002633243,3.454240871011138,0.0,0.0
193,11.0,2.0,9.766817238432424,0.8545965083628372,9.400561591991211,9.149581202923773,2.7616092883791685,2.5976788062373584,2.2405422462100546,1.857420452068344,1.0169916212552437,9.013307570540071,1.868957252886212,1.1190763495387201,1.0,0.0
194,6.0,4.0,9.766817238432424,4.883408619216213,19.655719692345254,9.703961148825023,8.455742915844654,2.9568282086060043,2.3664151312184885,1.3571381938090283,1.0978820266118134,9.657761841720212,8.328555977382221,2.9401131656228867,0.0,0.0
195,6.0,3.0,9.766817238432424,4.883408619216213,19.655719692345254,11.050795538172885,8.044252254042952,4.850836194740267,2.290096815990168,1.3234146565674791,1.16656604510203,10.972868556842966,7.9565666869110965,4.775277282766094,0.0,0.0
196,4.0,4.0,9.766817238432424,4.883408619216213,19.655719692345254,10.195961717297534,8.383846865638406,2.33820965517105,2.3803784476139924,1.3713544522898786,1.1145675271376092,10.11627616005222,8.297960171057662,2.3093326538291854,0.0,0.0
197,4.0,3.0,9.766817238432424,19.655719692345254,4.883408619216213,12.634727206756528,3.560054392735483,3.160235703838058,2.385620032397071,1.0774799322207684,1.3189893641070682,12.611076683066864,3.5266366523618027,3.085541076285557,0.0,0.0
198,18.0,9.0,9.766817238432424,19.655719692345254,7.2030277133439125,6.750663353244273,3.5468749678890084,3.3601119607179664,1.6731650485934892,1.0398588578955525,3.1434745953844896,6.626873963221658,3.4717322858207353,2.8139202520155786,0.0,0.0
199,3.0,2.0,9.766817238432424,19.655719692345254,4.883408619216213,13.634189949293836,4.538602933682597,1.5438475340855038,2.3853998884353587,1.1207357708218808,1.5572842383698458,13.568260610238127,4.515152820615061,1.4674903013867036,0.0,0.0
200,3.0,2.0,9.766817238432424,19.655719692345254,4.883408619216213,14.579876583529645,5.610900700651967,1.2330374443583516,2.395433246999488,1.1269680757362437,1.2408635720984904,14.555890319961032,5.586820643655689,1.1482397416149073,0.0,0.0
201,5.0,4.0,9.766817238432424,19.655719692345254,4.639238188255402,12.852465162894802,4.477872833341183,2.928426853511451,2.3812548104210123,1.0874154595297796,1.1270556572898158,12.829848313288524,4.444737311319477,2.7128428701885956,0.0,0.0
202,3.0,2.0,9.766817238432424,19.655719692345254,4.883408619216213,14.26891404398062,6.389844807845521,1.3625236896715496,2.390865626299515,1.1223200693214608,1.2565161371557707,14.239992997908399,6.355889174982556,1.3274100099988893,0.0,0.0
203,2.0,2.0,9.766817238432424,19.655719692345254,0.7325112928824319,12.73485209462524,5.755801318350396,1.0817699402391252,2.3868289518561596,1.1176614562282623,1.1601824060289223,12.65376711150356,5.7339237839265635,0.1862422947055643,1.0,0.0
204,4.0,3.0,9.766817238432424,19.655719692345254,5.860090343059455,13.356580801682133,3.791015564250235,1.873101576559308,2.384656052146539,1.1424962629000674,1.1056203907049493,13.279162859739237,3.7680695767252006,1.7130547114470993,0.0,0.0
205,2.0,2.0,9.766817238432424,19.655719692345254,19.411549261384444,13.5440752711477,6.160413179517013,0.9445808847355388,2.391104689178704,1.1124601651021067,0.8026082616826784,13.531565810369186,6.139782945651343,0.4126199696476017,0.0,0.0
206,2.0,2.0,9.766817238432424,19.655719692345254,1.098766939323648,11.174485804808418,5.220451356063738,0.8636903047695189,2.4035782429861143,1.1124791415629431,0.6081480107086241,11.156334425055974,5.173158714389759,0.05201879026042644,1.0,0.0
207,2.0,2.0,9.766817238432424,19.655719692345254,0.7325112928824319,11.037571515631807,5.009412342688132,1.45603401119263,2.3758078838942396,1.1118717253563943,1.5227206925370673,10.907621899825827,4.988346266305931,0.040907177871540634,1.0,0.0
208,3.0,2.0,9.766817238432424,19.655719692345254,0.8545965083628372,12.5691454249444,5.5144403684806775,1.0042255450090198,2.3798602518152023,1.1272155828964685,0.9213767921571501,12.506148361942062,5.495305261291903,0.2665616026539138,1.0,0.0
209,2.0,2.0,9.766817238432424,19.655719692345254,0.7325112928824319,11.518061141359956,5.4237458222442845,1.516224168549838,2.363447543241918,1.1025387948182583,1.8714215262505478,11.41627882949799,5.379215840977639,0.5093260467522323,1.0,0.0
210,2.0,2.0,9.766817238432424,19.655719692345254,0.7325112928824319,10.264887503916004,5.429991217795753,1.5676377383371858,2.379137059537115,1.1089371104724535,0.7793733912575034,10.194594024182324,5.400321578717336,0.04452585366055861,1.0,0.0
211,3.0,2.0,9.766817238432424,19.655719692345254,0.6104260774020266,9.198985840068849,3.992518545649504,2.466446066925468,2.333910595359498,1.1208705218824662,0.7123428087164916,9.131550769987701,3.9423474022607436,0.3468459108367301,1.0,0.0
212,24.0,5.0,0.24417043096081065,0.6104260774020266,4.517152972774998,7.00159337659729,4.687899238909825,2.6853656871053184,3.764625768900139,0.5716543991997067,1.5056750237447005,6.343185583226794,0.46459732834633183,2.2920361818969504,1.0,0.0
213,19.0,6.0,0.24417043096081065,4.517152972774998,0.8545965083628372,8.217958490072995,3.002827211288019,2.945039915434335,2.3734463059516724,1.264542797016503,0.9827607104209717,6.734891545752583,2.926336744928196,1.7848663599340326,1.0,0.0
214,17.0,8.0,0.24417043096081065,0.6104260774020266,1.3429373702844585,8.168031591657982,5.40267060810877,2.63138780646063,2.0454981053546186,0.7394679908542221,1.5892656212812977,6.325156572401953,1.9613985824043314,1.869848027342207,1.0,0.0
215,21.0,9.0,0.6104260774020266,0.24417043096081065,10.010987669393236,7.076181425241398,6.1316150821227415,3.5198840049756717,2.0044846753225283,1.7854527411734125,1.5705493635922068,5.933041384929594,3.000329862000073,3.426316773883113,1.0,0.0
216,30.0,11.0,0.24417043096081065,10.010987669393236,0.6104260774020266,8.362407392623918,3.799777075708968,3.720543813573621,1.9681699305208138,1.4555482464436977,0.5188263285581352,7.414404704761878,3.7181245496929773,0.08071209785733124,1.0,0.0
217,20.0,6.0,0.24417043096081065,0.6104260774020266,0.8545965083628372,7.599317024509379,3.720631237605892,3.4780672571260185,2.0519017318979933,0.5343165977587487,1.084027698678276,5.938039324032657,0.1681631046846892,2.207607593446267,1.0,0.0
218,18.0,5.0,0.24417043096081065,0.6104260774020266,4.517152972774998,8.375738164936347,4.927312776951487,2.758799056237432,2.1849500505349275,0.653093048007499,1.2704953437073883,7.316818608188986,1.104884717706482,2.515749004513905,1.0,0.0
219,21.0,10.0,0.24417043096081065,0.6104260774020266,7.080942497863507,8.717449030571688,4.699105952004795,3.0795126938348436,1.4394628067633866,0.6037384341135197,1.9940593032257183,7.396165529791873,0.8114181993600438,2.8789510087753714,1.0,0.0
220,13.0,6.0,10.010987669393236,0.24417043096081065,7.080942497863507,9.390662158419746,7.142836391169313,3.0497377759699678,1.3115490867030672,1.410448888025953,2.0857966362095084,9.362400893093135,6.2893940517739235,2.9726832554733376,1.0,0.0
221,11.0,4.0,10.010987669393236,0.24417043096081065,7.569283359785129,11.845998251632473,5.8384198017070075,2.1906107788662097,1.3050742423871782,1.366964101336215,1.2178329229847336,11.706805271604104,4.038989484285029,1.9655474086596403,1.0,0.0
222,15.0,6.0,10.010987669393236,0.24417043096081065,4.517152972774998,8.223185598887364,6.783815144090892,2.8640012777784274,1.2772460437247304,2.4493081858480004,1.2575870914597758,8.065231000517656,6.4370364670481255,2.647283885204307,1.0,0.0
223,21.0,12.0,7.080942497863507,0.24417043096081065,10.010987669393236,5.5499414677543255,5.478112912124176,2.8887343367046903,2.622114515283215,1.1260276472944022,1.637538835311915,5.44792534766901,2.1793648514862514,2.635570981353597,1.0,0.0
224,8.0,3.0,10.010987669393236,0.24417043096081065,7.569283359785129,13.226380649868693,4.2709933021158655,3.8253337849372966,1.3097106469137998,1.1349332173184463,1.746865749292283,13.114437535905349,3.193321627916198,3.651056583074211,1.0,0.0
225,2.0,1.0,10.010987669393236,0.24417043096081065,0.7325112928824319,15.846488031116632,3.7583167993261135,2.148858945154261,1.3106347167088614,1.6575844035039284,0.7406234341361477,15.753333468919184,3.19326285434282,0.6237528227769815,1.0,0.0
226,13.0,4.0,7.569283359785129,10.010987669393236,8.05762422170675,7.6457332718855735,5.290995965780049,5.133015301850252,2.5253107686156753,1.3063266152418862,1.5700121862394312,7.584048423088068,5.005014703667986,2.039780445786526,0.0,0.0
227,14.0,5.0,10.010987669393236,7.569283359785129,8.05762422170675,8.747047680534552,6.244720417278201,4.439578443409609,1.4249283027218667,2.6821967382066916,1.8923611766933277,8.709897010865467,5.8888082736020095,2.9515427327238175,0.0,0.0
228,6.0,2.0,10.010987669393236,7.569283359785129,8.05762422170675,11.039444766544811,4.9945270407117155,2.4193848089100842,1.3991591336160383,3.260837959440032,0.6318753363076297,10.92297876653981,4.847379879235163,0.5415560853860535,0.0,0.0
229,6.0,2.0,10.010987669393236,7.569283359785129,8.05762422170675,13.56190779540437,5.730498006576425,3.066247107244128,1.446769582310523,2.1742981343187893,2.2029875282064992,13.535094157763252,5.447182469852383,2.6329230086001583,0.0,0.0
230,3.0,2.0,10.010987669393236,0.24417043096081065,7.569283359785129,14.697631378235691,3.9253739669986407,2.6715906740012647,1.3214733682846997,1.418133824847387,2.3832086064706033,14.561912484809502,3.5072712478419272,2.3555707441365987,1.0,0.0
231,18.0,4.0,0.24417043096081065,0.6104260774020266,4.517152972774998,8.12509869666458,4.461435597605614,2.5706873062690145,2.0771779164344375,0.5590818011861423,1.5072220432102625,6.331235440818988,0.41839991890316597,2.472686454628418,1.0,0.0
232,3.0,1.0,10.010987669393236,0.24417043096081065,7.569283359785129,16.912077226695935,3.1120298581508408,1.6906431900113368,1.3622120699854605,1.4461669909974533,1.6738572749305192,16.880647272345193,2.2267448826857796,1.617645921067287,1.0,0.0
233,17.0,4.0,0.24417043096081065,4.517152972774998,1.4650225857648638,9.17756554093449,2.2957876672298942,2.170812897340052,2.223577389006533,1.0025821532670562,3.2189792438733633,8.255874543371318,2.223757618210246,1.7295293098432223,1.0,0.0
234,16.0,5.0,0.24417043096081065,7.569283359785129,10.010987669393236,7.857675239122952,3.0927478380713778,2.5850398161838655,0.5578074071511719,2.042009707472232,1.3545632197640884,0.781500461167302,2.9117682728700833,2.351591320210528,1.0,0.0
235,33.0,12.0,0.24417043096081065,4.883408619216213,7.569283359785129,6.0350082116745005,4.0622867954931525,3.8968715283603705,0.515187351042689,1.7059365091925613,2.411174482863565,0.15702021737041783,3.8604816197006624,3.8526597433102237,1.0,0.0
236,24.0,13.0,10.010987669393236,7.080942497863507,4.517152972774998,5.70895425943062,4.557401199072483,3.8496894983175562,1.3945182705842285,2.9964514671992077,1.3904242870778987,5.580098682782464,4.278925704551833,3.5815346451772263,0.0,0.0
237,14.0,5.0,5.005493834696618,10.010987669393236,0.24417043096081065,8.851191697454631,8.26478843659481,4.654671943360602,1.1616535210302814,1.3960603251593682,0.8157782605640551,8.6075208494973,8.074817889559842,2.151843850196676,1.0,0.0
238,18.0,8.0,0.24417043096081065,2.0754486631668905,10.010987669393236,8.492081978741915,3.082933759305483,2.8150474204399596,0.5872769202570285,1.7799250759317058,1.7996923183944915,1.1750263145639392,2.789150071238729,2.6222328985657417,1.0,0.0
239,23.0,16.0,7.569283359785129,0.24417043096081065,10.010987669393236,7.205947284390866,6.8847644953987315,4.579864693755625,1.2685911406478851,0.6409254028194231,1.4163141876319685,7.107463468318599,1.5519405577484893,4.4360191383355,1.0,0.0
240,25.0,14.0,10.010987669393236,7.569283359785129,7.2030277133439125,6.327863617759287,5.862770417896402,4.246884650860968,1.335500193225684,1.9392211081809592,0.9992099881246901,6.211854765468327,5.662235962954187,3.3308083769386756,0.0,0.0
241,18.0,10.0,10.010987669393236,7.080942497863507,7.81345379074594,7.860716922052263,4.972015068493048,3.5283115808280394,1.3566370447429108,3.2274692645852525,2.491483213929996,7.794729920031919,4.573255208279513,3.020653012724757,0.0,0.0
242,10.0,3.0,10.010987669393236,5.005493834696618,7.080942497863507,10.9170845941269,8.689837600763262,3.806715833380191,1.3629335278578623,1.158688188084568,2.850574724026586,10.855074011529497,8.592223679706343,3.5579778374023916,0.0,0.0
243,17.0,3.0,7.569283359785129,10.010987669393236,7.325112928824319,10.180727878224154,7.786199845712402,3.3057899792162786,1.3257798744477967,1.4182713716561466,1.4287569256027695,10.034376558437529,7.555128056074748,1.517040450411846,0.0,0.0
244,18.0,9.0,7.569283359785129,10.010987669393236,7.2030277133439125,8.321940986117003,6.898248071602472,5.243628506418512,2.049980323034049,1.427507758814457,0.8333031565293751,8.128824377216898,6.720132730224278,2.6741356200456017,0.0,0.0
245,19.0,11.0,7.080942497863507,10.010987669393236,7.935539006226345,7.272360899709668,7.229809456299526,4.177732365076415,2.96405290285292,1.2954046076375363,1.5879739306447078,7.197904738118802,7.019474708423699,2.589984290472577,0.0,0.0
246,13.0,7.0,10.010987669393236,7.080942497863507,7.447198144304724,8.978403479374274,6.650428991286125,2.84424887157775,1.3359146216707245,2.778823505150207,1.3148357220429645,8.864138043180235,6.4852250058988945,1.0428503972046443,0.0,0.0
247,2.0,2.0,10.010987669393236,7.569283359785129,0.24417043096081065,16.56247116221351,4.630680281574744,2.248124450472294,1.3029264827546854,1.3241554289761623,0.695744932525284,16.51253332587952,4.443601164638173,0.7246099208808636,1.0,0.0
248,4.0,2.0,10.010987669393236,7.569283359785129,17.580271029178363,15.764349818436331,4.818692617733476,1.6951566790350487,1.3826540594131131,1.6919678761385981,2.148274008700497,15.6963122383665,4.482970182113652,1.6244356484615567,0.0,0.0
249,6.0,2.0,10.010987669393236,7.569283359785129,7.935539006226345,12.154770798868453,5.150848921271402,3.2854027301140656,1.3697114244600783,2.26517275397115,1.9514243041618045,12.091421471527578,4.895445257317853,2.8381663758390427,0.0,0.0
250,9.0,3.0,10.010987669393236,7.569283359785129,8.05762422170675,8.681148185546306,7.5408486464380715,4.5901558744588025,1.379810784110063,1.9623165245995793,1.7206937738729735,8.610833052378783,6.891569459691993,1.924929784982163,0.0,0.0
251,5.0,1.0,10.010987669393236,0.6104260774020266,0.366255646441216,13.288978113053194,4.834101193366454,2.3029027014396823,1.3227875541352603,2.073617608292939,0.5096500760703093,13.16779744875679,4.031570224851354,0.028957402712905367,1.0,0.0
252,15.0,7.0,7.569283359785129,10.010987669393236,8.05762422170675,6.92580309638067,5.869928023033034,5.4707477014519155,2.830879213515864,1.4174024110893129,1.8597920734170117,6.880409396308464,5.474884721989555,3.621268865890971,0.0,0.0
253,2.0,1.0,10.010987669393236,7.569283359785129,19.89989012330607,17.758638306268967,2.5397665756186,1.9741188128422789,1.3489597241913316,2.123627669076363,1.2717503688403156,17.71261828853207,2.1241471681303237,1.9441042014990064,0.0,0.0
254,4.0,1.0,10.010987669393236,7.569283359785129,19.89989012330607,19.287361136129807,3.2077228105453406,1.5873076684840404,1.3657249755553238,1.4866480318093096,1.1994794221348002,19.26023469178058,3.001771873464297,1.5375557535787827,0.0,0.0
255,2.0,1.0,10.010987669393236,7.569283359785129,19.89989012330607,19.120629546967553,2.493352877300347,1.666417986206744,1.3262267453301035,1.6461650886822028,1.3257468687756102,19.0620513278641,2.27582722844255,1.5985893920852086,0.0,0.0
256,3.0,1.0,10.010987669393236,0.24417043096081065,19.89989012330607,18.259005735192847,2.15884058164884,1.864197912290492,1.349022070398334,0.7754312944256693,1.3952441167230631,18.221319286346283,0.9317335415758488,1.8516928784810562,1.0,0.0
257,4.0,1.0,10.010987669393236,7.569283359785129,0.24417043096081065,18.016047918896405,3.048503637081366,1.852474448690711,1.3718979321826765,1.675614870022244,0.6618464775007709,17.99171177905568,2.9046415068401017,0.5058028056999015,1.0,0.0
258,1.0,1.0,10.010987669393236,7.569283359785129,19.89989012330607,17.420960114657706,2.002633899884546,1.5471315178437868,1.3114641047841786,1.9120071115894959,2.238523286103373,17.377997666674297,1.77054042905481,1.4717320488370824,0.0,0.0
259,10.0,3.0,10.010987669393236,0.9766817238432424,7.569283359785129,10.869477343588445,3.05770826788544,2.242460257981978,1.353648289264882,1.1330057186229157,2.2374881333725156,10.776803042667025,2.082331044122787,2.068338581685119,1.0,0.0
260,11.0,6.0,8.464328899637243,0.36275695284159615,16.928657799274486,10.311187511377495,4.462408858610576,3.446007431273939,2.478878333126559,1.0072053521038837,2.3989964327620896,10.226825080888359,4.146162320570135,3.3840042266039068,1.0,0.0
261,15.0,6.0,8.464328899637243,0.36275695284159615,0.6045949214026602,9.515961329588432,4.021663204415866,2.387315757427176,2.4005809684461212,0.9191455253389487,0.9147655680322924,9.457791265434635,2.7832415016403322,1.6857899914220145,1.0,0.0
262,22.0,13.0,0.3418803418803419,7.521367521367521,8.774928774928775,3.4767378206048174,2.8435245281240484,2.4535582107859604,0.9219070822039068,2.4075821225144196,5.683725834885095,2.2125140113427166,2.6155524955746783,2.415193906035592,1.0,0.0
263,6.0,1.0,11.851851851851851,0.3418803418803419,0.5698005698005698,8.382399327727372,4.110931340861293,2.1580503998025766,2.6362264569245184,0.9460206052017641,0.7382371582248561,8.343915476131304,2.052681863637768,0.3482255994218595,1.0,0.0
264,18.0,10.0,0.3418803418803419,2.621082621082621,3.7606837606837606,3.574521618280408,3.4621819699207217,3.132456586325967,0.8302868828891752,4.104001231535335,5.48296989541252,1.266642336918367,3.0425213661463655,2.6333998817620623,1.0,0.0
265,44.0,20.0,7.07755824240637,6.487761722205839,5.996264622038731,3.616248206500272,3.4596413155759516,3.198246332418803,1.4519241482393426,2.5995603885747514,2.987894432987808,3.4359385941887233,3.2375907125205643,1.5400937263620864,0.0,0.0
266,2.0,1.0,9.633343163275336,19.266686326550676,0.5897965202005309,11.830753522085766,2.9443217135317767,1.830129304152636,1.4671692050331728,2.0003575236683275,1.3541898795648573,11.796471929343367,2.9196015392252668,0.13514605291066872,1.0,0.0
267,5.0,2.0,9.633343163275336,19.266686326550676,4.816671581637668,10.921329615445789,2.6956843543998152,2.4155984819774683,1.4415464397189197,1.832546951159486,1.550530215151582,10.891084590136883,2.4643588205631186,2.363242888585012,0.0,0.0
268,12.0,1.0,5.996264622038731,11.992529244077462,0.6880959402339526,11.351313534188321,4.0862445503521325,2.0937529982188896,1.3585788915349184,2.114771269470907,2.594188323914368,11.279455206602401,3.928096457532156,2.0017812104397525,1.0,0.0
269,41.0,20.0,11.992529244077462,19.56158458665094,17.595596185982505,3.59742002349728,2.038114008660506,1.9254084165810448,2.047397470188926,0.8768265047964405,4.700930863803677,3.49786329448656,1.415922251504111,1.7660399758166054,0.0,0.0
270,3.0,2.0,5.996264622038731,11.992529244077462,17.988793866116193,15.216980780481475,4.4355207446084215,2.5839402914869907,1.3798672382827988,1.710830065813738,2.1920611132191254,15.17856033319522,4.387152833754034,2.561552281368762,0.0,0.0
271,4.0,2.0,11.992529244077462,5.996264622038731,11.697630983977197,12.333254717104158,4.570299992905522,2.0327053555073267,1.703464514854403,1.270645169140721,2.493414696594982,12.285408264432984,4.513531462000775,1.563651337734118,0.0,0.0
272,30.0,14.0,0.24417043096081065,0.4883408619216213,1.3429373702844585,7.457249959124717,3.9434835316209536,3.865580537197369,0.5452289711577859,0.8304067391849603,1.162925166235052,0.4457664225272078,1.4141195172385856,3.4309857125850383,1.0,0.0
273,3.0,2.0,9.766817238432424,0.6104260774020266,19.655719692345254,11.047036773412875,2.414382819555056,2.4059293474481587,2.398986685926232,0.6550585921060268,1.035061977004034,11.021219631335747,0.6248349028569089,2.3652947997969536,1.0,0.0
274,4.0,4.0,4.883408619216213,9.766817238432424,14.772311073129046,10.354893605088373,8.408505622413138,2.5120938779444764,1.3469523616043944,2.3660636118026304,1.5173515234894381,10.227620794030583,8.36659552412126,2.4089525405755507,0.0,0.0
275,22.0,5.0,0.24417043096081065,0.6104260774020266,1.3429373702844585,7.269511911935937,3.705542558011601,3.0376051503180466,2.2930275383138907,0.551235911795942,2.196753586892786,6.348522499136093,0.29180772434176605,2.1797500259169498,1.0,0.0
276,3.0,2.0,10.010987669393236,7.569283359785129,0.24417043096081065,17.373772078520858,2.964734494340161,2.931227864450485,1.3087236092300287,1.7112001270205113,1.0267795850310573,17.308135739231197,2.7612244319177486,2.12411336460053,1.0,0.0
277,6.0,2.0,10.010987669393236,7.569283359785129,0.24417043096081065,16.242646010118733,3.3797542051006366,2.9274101574885147,1.3855556742025925,1.9710190967051489,1.3125365484761784,16.21874732011326,3.331620990447428,2.663013179321297,1.0,0.0
278,3.0,1.0,10.010987669393236,7.569283359785129,17.580271029178363,18.00281343273322,3.338368815228176,1.3884959894534026,1.3631674495079409,1.5755987292187967,2.096275508437543,17.966099138629993,3.1855511002627654,1.326543153276312,0.0,0.0
279,,,,,,,,,,,,,,,,0.0
280,,,,,,,,,,,,,,,,0.0
281,,,,,,,,,,,,,,,,0.0
282,,,,,,,,,,,,,,,,0.0
283,,,,,,,,,,,,,,,,0.0
284,,,,,,,,,,,,,,,,0.0
285,,,,,,,,,,,,,,,,0.0
286,,,,,,,,,,,,,,,,0.0
287,,,,,,,,,,,,,,,,0.0
288,,,,,,,,,,,,,,,,0.0
289,,,,,,,,,,,,,,,,0.0
290,,,,,,,,,,,,,,,,0.0
291,,,,,,,,,,,,,,,,0.0
292,,,,,,,,,,,,,,,,0.0
293,,,,,,,,,,,,,,,,0.0
294,,,,,,,,,,,,,,,,0.0
295,,,,,,,,,,,,,,,,0.0
296,,,,,,,,,,,,,,,,0.0
297,,,,,,,,,,,,,,,,0.0
298,,,,,,,,,,,,,,,,0.0
299,,,,,,,,,,,,,,,,0.0
300,,,,,,,,,,,,,,,,0.0
301,,,,,,,,,,,,,,,,0.0
302,,,,,,,,,,,,,,,,0.0
303,,,,,,,,,,,,,,,,0.0
304,,,,,,,,,,,,,,,,0.0
305,,,,,,,,,,,,,,,,0.0
306,,,,,,,,,,,,,,,,0.0
307,,,,,,,,,,,,,,,,0.0
308,,,,,,,,,,,,,,,,0.0
309,,,,,,,,,,,,,,,,0.0
310,,,,,,,,,,,,,,,,0.0
311,,,,,,,,,,,,,,,,0.0
312,,,,,,,,,,,,,,,,0.0
313,,,,,,,,,,,,,,,,0.0
314,,,,,,,,,,,,,,,,0.0
315,,,,,,,,,,,,,,,,0.0
316,,,,,,,,,,,,,,,,0.0
317,,,,,,,,,,,,,,,,0.0
318,,,,,,,,,,,,,,,,0.0
319,,,,,,,,,,,,,,,,0.0
320,,,,,,,,,,,,,,,,0.0
321,,,,,,,,,,,,,,,,0.0
322,,,,,,,,,,,,,,,,0.0
323,,,,,,,,,,,,,,,,0.0
324,,,,,,,,,,,,,,,,0.0
325,,,,,,,,,,,,,,,,0.0
326,,,,,,,,,,,,,,,,0.0
327,,,,,,,,,,,,,,,,0.0
328,,,,,,,,,,,,,,,,0.0
329,,,,,,,,,,,,,,,,0.0
330,,,,,,,,,,,,,,,,0.0
331,,,,,,,,,,,,,,,,0.0
332,,,,,,,,,,,,,,,,0.0
333,,,,,,,,,,,,,,,,0.0
334,,,,,,,,,,,,,,,,0.0
335,,,,,,,,,,,,,,,,0.0
336,,,,,,,,,,,,,,,,0.0
337,,,,,,,,,,,,,,,,0.0
338,,,,,,,,,,,,,,,,0.0
339,,,,,,,,,,,,,,,,0.0
340,,,,,,,,,,,,,,,,0.0
341,,,,,,,,,,,,,,,,0.0
342,,,,,,,,,,,,,,,,0.0
343,,,,,,,,,,,,,,,,0.0
344,,,,,,,,,,,,,,,,0.0
345,,,,,,,,,,,,,,,,0.0
346,,,,,,,,,,,,,,,,0.0
347,,,,,,,,,,,,,,,,0.0
348,,,,,,,,,,,,,,,,0.0
349,,,,,,,,,,,,,,,,0.0
350,,,,,,,,,,,,,,,,0.0
351,,,,,,,,,,,,,,,,0.0
352,,,,,,,,,,,,,,,,0.0
353,,,,,,,,,,,,,,,,0.0
354,,,,,,,,,,,,,,,,0.0
355,,,,,,,,,,,,,,,,0.0
356,,,,,,,,,,,,,,,,0.0
357,,,,,,,,,,,,,,,,0.0
358,,,,,,,,,,,,,,,,0.0
359,,,,,,,,,,,,,,,,0.0
360,,,,,,,,,,,,,,,,0.0
361,,,,,,,,,,,,,,,,0.0
362,,,,,,,,,,,,,,,,0.0
363,,,,,,,,,,,,,,,,0.0
364,,,,,,,,,,,,,,,,0.0
365,,,,,,,,,,,,,,,,0.0
366,,,,,,,,,,,,,,,,0.0
367,,,,,,,,,,,,,,,,0.0
368,,,,,,,,,,,,,,,,0.0
369,,,,,,,,,,,,,,,,0.0
370,,,,,,,,,,,,,,,,0.0
371,,,,,,,,,,,,,,,,0.0
372,,,,,,,,,,,,,,,,0.0
373,,,,,,,,,,,,,,,,0.0
374,,,,,,,,,,,,,,,,0.0
375,,,,,,,,,,,,,,,,0.0
376,,,,,,,,,,,,,,,,0.0
377,,,,,,,,,,,,,,,,0.0
378,,,,,,,,,,,,,,,,0.0
379,,,,,,,,,,,,,,,,0.0
380,,,,,,,,,,,,,,,,0.0
381,,,,,,,,,,,,,,,,0.0
382,,,,,,,,,,,,,,,,0.0
383,,,,,,,,,,,,,,,,0.0
384,,,,,,,,,,,,,,,,0.0
385,,,,,,,,,,,,,,,,0.0
386,,,,,,,,,,,,,,,,0.0
387,,,,,,,,,,,,,,,,0.0
388,,,,,,,,,,,,,,,,0.0
389,,,,,,,,,,,,,,,,0.0
390,,,,,,,,,,,,,,,,0.0
391,,,,,,,,,,,,,,,,0.0
392,,,,,,,,,,,,,,,,0.0
393,,,,,,,,,,,,,,,,0.0
394,,,,,,,,,,,,,,,,0.0
395,,,,,,,,,,,,,,,,0.0
396,,,,,,,,,,,,,,,,0.0
397,,,,,,,,,,,,,,,,0.0
398,,,,,,,,,,,,,,,,0.0
399,,,,,,,,,,,,,,,,0.0
400,,,,,,,,,,,,,,,,0.0
401,,,,,,,,,,,,,,,,0.0
402,,,,,,,,,,,,,,,,0.0
403,,,,,,,,,,,,,,,,0.0
404,,,,,,,,,,,,,,,,0.0
405,,,,,,,,,,,,,,,,0.0
406,,,,,,,,,,,,,,,,0.0
407,,,,,,,,,,,,,,,,0.0
408,,,,,,,,,,,,,,,,0.0
409,,,,,,,,,,,,,,,,0.0
410,,,,,,,,,,,,,,,,0.0
411,,,,,,,,,,,,,,,,0.0
412,,,,,,,,,,,,,,,,0.0
413,,,,,,,,,,,,,,,,0.0
414,,,,,,,,,,,,,,,,0.0
415,,,,,,,,,,,,,,,,0.0
416,,,,,,,,,,,,,,,,0.0
417,,,,,,,,,,,,,,,,0.0
418,,,,,,,,,,,,,,,,0.0
419,,,,,,,,,,,,,,,,0.0
420,,,,,,,,,,,,,,,,0.0
421,,,,,,,,,,,,,,,,0.0
422,,,,,,,,,,,,,,,,0.0
423,,,,,,,,,,,,,,,,0.0
424,,,,,,,,,,,,,,,,0.0
425,,,,,,,,,,,,,,,,0.0
426,,,,,,,,,,,,,,,,0.0
427,,,,,,,,,,,,,,,,0.0
428,,,,,,,,,,,,,,,,0.0
429,,,,,,,,,,,,,,,,0.0
430,,,,,,,,,,,,,,,,0.0
431,,,,,,,,,,,,,,,,0.0
432,,,,,,,,,,,,,,,,0.0
433,,,,,,,,,,,,,,,,0.0
434,,,,,,,,,,,,,,,,0.0
435,,,,,,,,,,,,,,,,0.0
436,,,,,,,,,,,,,,,,0.0
437,,,,,,,,,,,,,,,,0.0
438,,,,,,,,,,,,,,,,0.0
439,,,,,,,,,,,,,,,,0.0
440,,,,,,,,,,,,,,,,0.0
441,,,,,,,,,,,,,,,,0.0
442,,,,,,,,,,,,,,,,0.0
443,,,,,,,,,,,,,,,,0.0
444,,,,,,,,,,,,,,,,0.0
445,,,,,,,,,,,,,,,,0.0
446,,,,,,,,,,,,,,,,0.0
447,,,,,,,,,,,,,,,,0.0
448,,,,,,,,,,,,,,,,0.0
449,,,,,,,,,,,,,,,,0.0
450,,,,,,,,,,,,,,,,0.0
451,,,,,,,,,,,,,,,,0.0
452,,,,,,,,,,,,,,,,0.0
453,,,,,,,,,,,,,,,,0.0
454,,,,,,,,,,,,,,,,0.0
455,,,,,,,,,,,,,,,,0.0
456,,,,,,,,,,,,,,,,0.0
457,,,,,,,,,,,,,,,,0.0
458,,,,,,,,,,,,,,,,0.0
459,,,,,,,,,,,,,,,,0.0
460,,,,,,,,,,,,,,,,0.0
461,,,,,,,,,,,,,,,,0.0
462,,,,,,,,,,,,,,,,0.0
463,,,,,,,,,,,,,,,,0.0
464,,,,,,,,,,,,,,,,0.0
465,,,,,,,,,,,,,,,,0.0
466,,,,,,,,,,,,,,,,0.0
467,,,,,,,,,,,,,,,,0.0
468,,,,,,,,,,,,,,,,0.0
469,,,,,,,,,,,,,,,,0.0
470,,,,,,,,,,,,,,,,0.0
471,,,,,,,,,,,,,,,,0.0
472,,,,,,,,,,,,,,,,0.0
473,,,,,,,,,,,,,,,,0.0
474,,,,,,,,,,,,,,,,0.0
475,,,,,,,,,,,,,,,,0.0
476,,,,,,,,,,,,,,,,0.0
477,,,,,,,,,,,,,,,,0.0
478,,,,,,,,,,,,,,,,0.0
479,,,,,,,,,,,,,,,,0.0
480,,,,,,,,,,,,,,,,0.0
481,,,,,,,,,,,,,,,,0.0
482,,,,,,,,,,,,,,,,0.0
483,,,,,,,,,,,,,,,,0.0
484,,,,,,,,,,,,,,,,0.0
485,,,,,,,,,,,,,,,,0.0
486,,,,,,,,,,,,,,,,0.0
487,,,,,,,,,,,,,,,,0.0
488,,,,,,,,,,,,,,,,0.0
489,,,,,,,,,,,,,,,,0.0
490,,,,,,,,,,,,,,,,0.0
491,,,,,,,,,,,,,,,,0.0
492,,,,,,,,,,,,,,,,0.0
493,,,,,,,,,,,,,,,,0.0
494,,,,,,,,,,,,,,,,0.0
495,,,,,,,,,,,,,,,,0.0
496,,,,,,,,,,,,,,,,0.0
497,,,,,,,,,,,,,,,,0.0
498,,,,,,,,,,,,,,,,0.0
499,,,,,,,,,,,,,,,,0.0
500,,,,,,,,,,,,,,,,0.0
501,,,,,,,,,,,,,,,,0.0
502,,,,,,,,,,,,,,,,0.0
503,,,,,,,,,,,,,,,,0.0
504,,,,,,,,,,,,,,,,0.0
505,,,,,,,,,,,,,,,,0.0
506,,,,,,,,,,,,,,,,0.0
507,,,,,,,,,,,,,,,,0.0
508,,,,,,,,,,,,,,,,0.0
509,,,,,,,,,,,,,,,,0.0
510,,,,,,,,,,,,,,,,0.0
511,,,,,,,,,,,,,,,,0.0
512,,,,,,,,,,,,,,,,0.0
513,,,,,,,,,,,,,,,,0.0
514,,,,,,,,,,,,,,,,0.0
515,,,,,,,,,,,,,,,,0.0
516,,,,,,,,,,,,,,,,0.0
517,,,,,,,,,,,,,,,,0.0
518,,,,,,,,,,,,,,,,0.0
519,,,,,,,,,,,,,,,,0.0
520,,,,,,,,,,,,,,,,0.0
521,,,,,,,,,,,,,,,,0.0
522,,,,,,,,,,,,,,,,0.0
523,,,,,,,,,,,,,,,,0.0
524,,,,,,,,,,,,,,,,0.0
525,,,,,,,,,,,,,,,,0.0
526,,,,,,,,,,,,,,,,0.0
527,,,,,,,,,,,,,,,,0.0
528,,,,,,,,,,,,,,,,0.0
529,,,,,,,,,,,,,,,,0.0
530,,,,,,,,,,,,,,,,0.0
531,,,,,,,,,,,,,,,,0.0
532,,,,,,,,,,,,,,,,0.0
533,,,,,,,,,,,,,,,,0.0
534,,,,,,,,,,,,,,,,0.0
535,,,,,,,,,,,,,,,,0.0
536,,,,,,,,,,,,,,,,0.0
537,,,,,,,,,,,,,,,,0.0
538,,,,,,,,,,,,,,,,0.0
539,,,,,,,,,,,,,,,,0.0
540,,,,,,,,,,,,,,,,0.0
541,,,,,,,,,,,,,,,,0.0
542,,,,,,,,,,,,,,,,0.0
543,,,,,,,,,,,,,,,,0.0
544,,,,,,,,,,,,,,,,0.0
545,,,,,,,,,,,,,,,,0.0
546,,,,,,,,,,,,,,,,0.0
547,,,,,,,,,,,,,,,,0.0
548,,,,,,,,,,,,,,,,0.0
549,,,,,,,,,,,,,,,,0.0
550,,,,,,,,,,,,,,,,0.0
551,,,,,,,,,,,,,,,,0.0
552,,,,,,,,,,,,,,,,0.0
553,,,,,,,,,,,,,,,,0.0
554,,,,,,,,,,,,,,,,0.0
555,,,,,,,,,,,,,,,,0.0
556,,,,,,,,,,,,,,,,0.0
557,,,,,,,,,,,,,,,,0.0
558,,,,,,,,,,,,,,,,0.0
559,,,,,,,,,,,,,,,,0.0
560,,,,,,,,,,,,,,,,0.0
561,,,,,,,,,,,,,,,,0.0
562,,,,,,,,,,,,,,,,0.0
563,,,,,,,,,,,,,,,,0.0
564,,,,,,,,,,,,,,,,0.0
565,,,,,,,,,,,,,,,,0.0
566,,,,,,,,,,,,,,,,0.0
567,,,,,,,,,,,,,,,,0.0
568,,,,,,,,,,,,,,,,0.0
569,,,,,,,,,,,,,,,,0.0
570,,,,,,,,,,,,,,,,0.0
571,,,,,,,,,,,,,,,,0.0
572,,,,,,,,,,,,,,,,0.0
573,,,,,,,,,,,,,,,,0.0
574,,,,,,,,,,,,,,,,0.0
575,,,,,,,,,,,,,,,,0.0
576,,,,,,,,,,,,,,,,0.0
577,,,,,,,,,,,,,,,,0.0
578,,,,,,,,,,,,,,,,0.0
579,,,,,,,,,,,,,,,,0.0
580,,,,,,,,,,,,,,,,0.0
581,,,,,,,,,,,,,,,,0.0
582,,,,,,,,,,,,,,,,0.0
583,,,,,,,,,,,,,,,,0.0
584,,,,,,,,,,,,,,,,0.0
585,,,,,,,,,,,,,,,,0.0
586,,,,,,,,,,,,,,,,0.0
587,,,,,,,,,,,,,,,,0.0
588,,,,,,,,,,,,,,,,0.0
589,,,,,,,,,,,,,,,,0.0
590,,,,,,,,,,,,,,,,0.0
591,,,,,,,,,,,,,,,,0.0
592,,,,,,,,,,,,,,,,0.0
593,,,,,,,,,,,,,,,,0.0
594,,,,,,,,,,,,,,,,0.0
595,,,,,,,,,,,,,,,,0.0
596,,,,,,,,,,,,,,,,0.0
597,,,,,,,,,,,,,,,,0.0
598,,,,,,,,,,,,,,,,0.0
599,,,,,,,,,,,,,,,,0.0
600,,,,,,,,,,,,,,,,0.0
601,,,,,,,,,,,,,,,,0.0
602,,,,,,,,,,,,,,,,0.0
603,,,,,,,,,,,,,,,,0.0
604,,,,,,,,,,,,,,,,0.0
605,,,,,,,,,,,,,,,,0.0
606,,,,,,,,,,,,,,,,0.0
607,,,,,,,,,,,,,,,,0.0
608,,,,,,,,,,,,,,,,0.0
609,,,,,,,,,,,,,,,,0.0
610,,,,,,,,,,,,,,,,0.0
611,,,,,,,,,,,,,,,,0.0
612,,,,,,,,,,,,,,,,0.0
613,,,,,,,,,,,,,,,,0.0
614,,,,,,,,,,,,,,,,0.0
615,,,,,,,,,,,,,,,,0.0
616,,,,,,,,,,,,,,,,0.0
617,,,,,,,,,,,,,,,,0.0
618,,,,,,,,,,,,,,,,0.0
619,,,,,,,,,,,,,,,,0.0
620,,,,,,,,,,,,,,,,0.0
621,,,,,,,,,,,,,,,,0.0
622,,,,,,,,,,,,,,,,0.0
623,,,,,,,,,,,,,,,,0.0
624,,,,,,,,,,,,,,,,0.0
625,,,,,,,,,,,,,,,,0.0
626,,,,,,,,,,,,,,,,0.0
627,,,,,,,,,,,,,,,,0.0
628,,,,,,,,,,,,,,,,0.0
629,,,,,,,,,,,,,,,,0.0
630,,,,,,,,,,,,,,,,0.0
631,,,,,,,,,,,,,,,,0.0
632,,,,,,,,,,,,,,,,0.0
633,,,,,,,,,,,,,,,,0.0
634,,,,,,,,,,,,,,,,0.0
635,,,,,,,,,,,,,,,,0.0
636,,,,,,,,,,,,,,,,0.0
637,,,,,,,,,,,,,,,,0.0
638,,,,,,,,,,,,,,,,0.0
639,,,,,,,,,,,,,,,,0.0
640,,,,,,,,,,,,,,,,0.0
641,,,,,,,,,,,,,,,,0.0
642,,,,,,,,,,,,,,,,0.0
643,,,,,,,,,,,,,,,,0.0
644,,,,,,,,,,,,,,,,0.0
645,,,,,,,,,,,,,,,,0.0
646,,,,,,,,,,,,,,,,0.0
647,,,,,,,,,,,,,,,,0.0
648,,,,,,,,,,,,,,,,0.0
649,,,,,,,,,,,,,,,,0.0
650,,,,,,,,,,,,,,,,0.0
651,,,,,,,,,,,,,,,,0.0
652,,,,,,,,,,,,,,,,0.0
653,,,,,,,,,,,,,,,,0.0
654,,,,,,,,,,,,,,,,0.0
655,,,,,,,,,,,,,,,,0.0
656,,,,,,,,,,,,,,,,0.0
657,,,,,,,,,,,,,,,,0.0
658,,,,,,,,,,,,,,,,0.0
659,,,,,,,,,,,,,,,,0.0
660,,,,,,,,,,,,,,,,0.0
661,,,,,,,,,,,,,,,,0.0
662,,,,,,,,,,,,,,,,0.0
663,,,,,,,,,,,,,,,,0.0
664,,,,,,,,,,,,,,,,0.0
665,,,,,,,,,,,,,,,,0.0
666,,,,,,,,,,,,,,,,0.0
667,,,,,,,,,,,,,,,,0.0
668,,,,,,,,,,,,,,,,0.0
669,,,,,,,,,,,,,,,,0.0
670,,,,,,,,,,,,,,,,0.0
671,,,,,,,,,,,,,,,,0.0
672,,,,,,,,,,,,,,,,0.0
673,,,,,,,,,,,,,,,,0.0
674,,,,,,,,,,,,,,,,0.0
675,,,,,,,,,,,,,,,,0.0
676,,,,,,,,,,,,,,,,0.0
677,,,,,,,,,,,,,,,,0.0
678,,,,,,,,,,,,,,,,0.0
679,,,,,,,,,,,,,,,,0.0
680,,,,,,,,,,,,,,,,0.0
681,,,,,,,,,,,,,,,,0.0
682,,,,,,,,,,,,,,,,0.0
683,,,,,,,,,,,,,,,,0.0
684,,,,,,,,,,,,,,,,0.0
685,,,,,,,,,,,,,,,,0.0
686,,,,,,,,,,,,,,,,0.0
687,,,,,,,,,,,,,,,,0.0
688,,,,,,,,,,,,,,,,0.0
689,,,,,,,,,,,,,,,,0.0
690,,,,,,,,,,,,,,,,0.0
691,,,,,,,,,,,,,,,,0.0
692,,,,,,,,,,,,,,,,0.0
693,,,,,,,,,,,,,,,,0.0
694,,,,,,,,,,,,,,,,0.0
695,,,,,,,,,,,,,,,,0.0
696,,,,,,,,,,,,,,,,0.0
697,,,,,,,,,,,,,,,,0.0
698,,,,,,,,,,,,,,,,0.0
699,,,,,,,,,,,,,,,,0.0
700,,,,,,,,,,,,,,,,0.0
701,,,,,,,,,,,,,,,,0.0
702,,,,,,,,,,,,,,,,0.0
703,,,,,,,,,,,,,,,,0.0
704,,,,,,,,,,,,,,,,0.0
705,,,,,,,,,,,,,,,,0.0
706,,,,,,,,,,,,,,,,0.0
707,,,,,,,,,,,,,,,,0.0
708,,,,,,,,,,,,,,,,0.0
709,,,,,,,,,,,,,,,,0.0
710,,,,,,,,,,,,,,,,0.0
711,,,,,,,,,,,,,,,,0.0
712,,,,,,,,,,,,,,,,0.0
713,,,,,,,,,,,,,,,,0.0
714,,,,,,,,,,,,,,,,0.0
715,,,,,,,,,,,,,,,,0.0
716,,,,,,,,,,,,,,,,0.0
717,,,,,,,,,,,,,,,,0.0
718,,,,,,,,,,,,,,,,0.0
719,,,,,,,,,,,,,,,,0.0
720,,,,,,,,,,,,,,,,0.0
721,,,,,,,,,,,,,,,,0.0
722,,,,,,,,,,,,,,,,0.0
723,,,,,,,,,,,,,,,,0.0
724,,,,,,,,,,,,,,,,0.0
725,,,,,,,,,,,,,,,,0.0
726,,,,,,,,,,,,,,,,0.0
727,,,,,,,,,,,,,,,,0.0
728,,,,,,,,,,,,,,,,0.0
729,,,,,,,,,,,,,,,,0.0
730,,,,,,,,,,,,,,,,0.0
731,,,,,,,,,,,,,,,,0.0
732,,,,,,,,,,,,,,,,0.0
733,,,,,,,,,,,,,,,,0.0
734,,,,,,,,,,,,,,,,0.0
735,,,,,,,,,,,,,,,,0.0
736,,,,,,,,,,,,,,,,0.0
737,,,,,,,,,,,,,,,,0.0
738,,,,,,,,,,,,,,,,0.0
739,,,,,,,,,,,,,,,,0.0
740,,,,,,,,,,,,,,,,0.0
741,,,,,,,,,,,,,,,,0.0
742,,,,,,,,,,,,,,,,0.0
743,,,,,,,,,,,,,,,,0.0
744,,,,,,,,,,,,,,,,0.0
745,,,,,,,,,,,,,,,,0.0
746,,,,,,,,,,,,,,,,0.0
747,,,,,,,,,,,,,,,,0.0
748,,,,,,,,,,,,,,,,0.0
749,,,,,,,,,,,,,,,,0.0
750,,,,,,,,,,,,,,,,0.0
751,,,,,,,,,,,,,,,,0.0
752,,,,,,,,,,,,,,,,0.0
753,,,,,,,,,,,,,,,,0.0
754,,,,,,,,,,,,,,,,0.0
755,,,,,,,,,,,,,,,,0.0
756,,,,,,,,,,,,,,,,0.0
757,,,,,,,,,,,,,,,,0.0
758,,,,,,,,,,,,,,,,0.0
759,,,,,,,,,,,,,,,,0.0
760,,,,,,,,,,,,,,,,0.0
761,,,,,,,,,,,,,,,,0.0
762,,,,,,,,,,,,,,,,0.0
763,,,,,,,,,,,,,,,,0.0
764,,,,,,,,,,,,,,,,0.0
765,,,,,,,,,,,,,,,,0.0
766,,,,,,,,,,,,,,,,0.0
767,,,,,,,,,,,,,,,,0.0
768,,,,,,,,,,,,,,,,0.0
769,,,,,,,,,,,,,,,,0.0
770,,,,,,,,,,,,,,,,0.0
771,,,,,,,,,,,,,,,,0.0
772,,,,,,,,,,,,,,,,0.0
773,,,,,,,,,,,,,,,,0.0
774,,,,,,,,,,,,,,,,0.0
775,,,,,,,,,,,,,,,,0.0
776,,,,,,,,,,,,,,,,0.0
777,,,,,,,,,,,,,,,,0.0
778,,,,,,,,,,,,,,,,0.0
779,,,,,,,,,,,,,,,,0.0
780,,,,,,,,,,,,,,,,0.0
781,,,,,,,,,,,,,,,,0.0
782,,,,,,,,,,,,,,,,0.0
783,,,,,,,,,,,,,,,,0.0
784,,,,,,,,,,,,,,,,0.0
785,,,,,,,,,,,,,,,,0.0
786,,,,,,,,,,,,,,,,0.0
787,,,,,,,,,,,,,,,,0.0
788,,,,,,,,,,,,,,,,0.0
789,,,,,,,,,,,,,,,,0.0
790,,,,,,,,,,,,,,,,0.0
791,,,,,,,,,,,,,,,,0.0
792,,,,,,,,,,,,,,,,0.0
793,,,,,,,,,,,,,,,,0.0
794,,,,,,,,,,,,,,,,0.0
795,,,,,,,,,,,,,,,,0.0
796,,,,,,,,,,,,,,,,0.0
797,,,,,,,,,,,,,,,,0.0
798,,,,,,,,,,,,,,,,0.0
799,,,,,,,,,,,,,,,,0.0
800,,,,,,,,,,,,,,,,0.0
801,,,,,,,,,,,,,,,,0.0
802,,,,,,,,,,,,,,,,0.0
803,,,,,,,,,,,,,,,,0.0
804,,,,,,,,,,,,,,,,0.0
805,,,,,,,,,,,,,,,,0.0
806,,,,,,,,,,,,,,,,0.0
807,,,,,,,,,,,,,,,,0.0
808,,,,,,,,,,,,,,,,0.0
809,,,,,,,,,,,,,,,,0.0
810,,,,,,,,,,,,,,,,0.0
811,,,,,,,,,,,,,,,,0.0
812,,,,,,,,,,,,,,,,0.0
813,,,,,,,,,,,,,,,,0.0
814,,,,,,,,,,,,,,,,0.0
815,,,,,,,,,,,,,,,,0.0
816,,,,,,,,,,,,,,,,0.0
817,,,,,,,,,,,,,,,,0.0
818,,,,,,,,,,,,,,,,0.0
819,,,,,,,,,,,,,,,,0.0
820,,,,,,,,,,,,,,,,0.0
821,,,,,,,,,,,,,,,,0.0
822,,,,,,,,,,,,,,,,0.0
823,,,,,,,,,,,,,,,,0.0
824,,,,,,,,,,,,,,,,0.0
825,,,,,,,,,,,,,,,,0.0
826,,,,,,,,,,,,,,,,0.0
827,,,,,,,,,,,,,,,,0.0
828,,,,,,,,,,,,,,,,0.0
829,,,,,,,,,,,,,,,,0.0
830,,,,,,,,,,,,,,,,0.0
831,,,,,,,,,,,,,,,,0.0
832,,,,,,,,,,,,,,,,0.0
833,,,,,,,,,,,,,,,,0.0
834,,,,,,,,,,,,,,,,0.0
835,,,,,,,,,,,,,,,,0.0
836,,,,,,,,,,,,,,,,0.0
837,,,,,,,,,,,,,,,,0.0
838,,,,,,,,,,,,,,,,0.0
839,,,,,,,,,,,,,,,,0.0
840,,,,,,,,,,,,,,,,-1.0
841,,,,,,,,,,,,,,,,-1.0
842,,,,,,,,,,,,,,,,-1.0
843,,,,,,,,,,,,,,,,-1.0
844,,,,,,,,,,,,,,,,-1.0
845,,,,,,,,,,,,,,,,-1.0
846,,,,,,,,,,,,,,,,-1.0
847,,,,,,,,,,,,,,,,-1.0
848,,,,,,,,,,,,,,,,-1.0
849,,,,,,,,,,,,,,,,-1.0
850,,,,,,,,,,,,,,,,-1.0
851,,,,,,,,,,,,,,,,-1.0
852,,,,,,,,,,,,,,,,-1.0
853,,,,,,,,,,,,,,,,-1.0
854,,,,,,,,,,,,,,,,-1.0
855,,,,,,,,,,,,,,,,-1.0
856,,,,,,,,,,,,,,,,-1.0
857,,,,,,,,,,,,,,,,-1.0
858,,,,,,,,,,,,,,,,-1.0
859,,,,,,,,,,,,,,,,-1.0
860,,,,,,,,,,,,,,,,-1.0
861,,,,,,,,,,,,,,,,-1.0
862,,,,,,,,,,,,,,,,-1.0
863,,,,,,,,,,,,,,,,-1.0
864,,,,,,,,,,,,,,,,-1.0
865,,,,,,,,,,,,,,,,-1.0
866,,,,,,,,,,,,,,,,-1.0
867,,,,,,,,,,,,,,,,-1.0
868,,,,,,,,,,,,,,,,-1.0
869,,,,,,,,,,,,,,,,-1.0
870,,,,,,,,,,,,,,,,-1.0
871,,,,,,,,,,,,,,,,-1.0
872,,,,,,,,,,,,,,,,-1.0
873,,,,,,,,,,,,,,,,-1.0
874,,,,,,,,,,,,,,,,-1.0
875,,,,,,,,,,,,,,,,-1.0
876,,,,,,,,,,,,,,,,-1.0
877,,,,,,,,,,,,,,,,-1.0
878,,,,,,,,,,,,,,,,-1.0
879,,,,,,,,,,,,,,,,-1.0
880,,,,,,,,,,,,,,,,-1.0
881,,,,,,,,,,,,,,,,-1.0
882,,,,,,,,,,,,,,,,-1.0
883,,,,,,,,,,,,,,,,-1.0
884,,,,,,,,,,,,,,,,-1.0
885,,,,,,,,,,,,,,,,-1.0
886,,,,,,,,,,,,,,,,-1.0
887,,,,,,,,,,,,,,,,-1.0
888,,,,,,,,,,,,,,,,-1.0
889,,,,,,,,,,,,,,,,-1.0
890,,,,,,,,,,,,,,,,-1.0
891,,,,,,,,,,,,,,,,-1.0
892,,,,,,,,,,,,,,,,-1.0
893,,,,,,,,,,,,,,,,-1.0
894,,,,,,,,,,,,,,,,-1.0
895,,,,,,,,,,,,,,,,-1.0
896,,,,,,,,,,,,,,,,-1.0
897,,,,,,,,,,,,,,,,-1.0
898,,,,,,,,,,,,,,,,-1.0
899,,,,,,,,,,,,,,,,-1.0
900,,,,,,,,,,,,,,,,-1.0
901,,,,,,,,,,,,,,,,-1.0
902,,,,,,,,,,,,,,,,-1.0
903,,,,,,,,,,,,,,,,-1.0
904,,,,,,,,,,,,,,,,-1.0
905,,,,,,,,,,,,,,,,-1.0
906,,,,,,,,,,,,,,,,-1.0
907,,,,,,,,,,,,,,,,-1.0
908,,,,,,,,,,,,,,,,-1.0
909,,,,,,,,,,,,,,,,-1.0
910,,,,,,,,,,,,,,,,-1.0
911,,,,,,,,,,,,,,,,-1.0
912,,,,,,,,,,,,,,,,-1.0
913,,,,,,,,,,,,,,,,-1.0
914,,,,,,,,,,,,,,,,-1.0
915,,,,,,,,,,,,,,,,-1.0
916,,,,,,,,,,,,,,,,-1.0
917,,,,,,,,,,,,,,,,-1.0
918,,,,,,,,,,,,,,,,-1.0
919,,,,,,,,,,,,,,,,-1.0
920,,,,,,,,,,,,,,,,-1.0
921,,,,,,,,,,,,,,,,-1.0
922,,,,,,,,,,,,,,,,-1.0
923,,,,,,,,,,,,,,,,-1.0
924,,,,,,,,,,,,,,,,-1.0
925,,,,,,,,,,,,,,,,-1.0
926,,,,,,,,,,,,,,,,-1.0
927,,,,,,,,,,,,,,,,-1.0
928,,,,,,,,,,,,,,,,-1.0
929,,,,,,,,,,,,,,,,-1.0
930,,,,,,,,,,,,,,,,-1.0
931,,,,,,,,,,,,,,,,-1.0
932,,,,,,,,,,,,,,,,-1.0
933,,,,,,,,,,,,,,,,-1.0
934,,,,,,,,,,,,,,,,-1.0
935,,,,,,,,,,,,,,,,-1.0
936,,,,,,,,,,,,,,,,-1.0
937,,,,,,,,,,,,,,,,-1.0
938,,,,,,,,,,,,,,,,-1.0
939,,,,,,,,,,,,,,,,-1.0
940,,,,,,,,,,,,,,,,-1.0
941,,,,,,,,,,,,,,,,-1.0
942,,,,,,,,,,,,,,,,-1.0
943,,,,,,,,,,,,,,,,-1.0
944,,,,,,,,,,,,,,,,-1.0
945,,,,,,,,,,,,,,,,-1.0
946,,,,,,,,,,,,,,,,-1.0
947,,,,,,,,,,,,,,,,-1.0
948,,,,,,,,,,,,,,,,-1.0
949,,,,,,,,,,,,,,,,-1.0
950,,,,,,,,,,,,,,,,-1.0
951,,,,,,,,,,,,,,,,-1.0
952,,,,,,,,,,,,,,,,-1.0
953,,,,,,,,,,,,,,,,-1.0
954,,,,,,,,,,,,,,,,-1.0
955,,,,,,,,,,,,,,,,-1.0
956,,,,,,,,,,,,,,,,-1.0
957,,,,,,,,,,,,,,,,-1.0
958,,,,,,,,,,,,,,,,-1.0
