,#peaks_0.05,#peaks_0.1,freq 0,freq 1,freq 2,freq 3,height 0,height 1,height 2,height 3,width 0,width 1,width 2,width 3,prominence 0,prominence 1,prominence 2,prominence 3,second harmonics ,#peaks_0.05,#peaks_0.1,freq 0,freq 1,freq 2,height 0,height 1,height 2,width 0,width 1,width 2,prominence 0,prominence 1,prominence 2,second harmonics ,target
0,47,37,16.333333333333336,14.583333333333336,16.500000000000004,14.083333333333336,0.009279576272970848,0.008939810335829093,0.008834403613694933,0.008347036840125924,5.326312070456197,1.0647534745182554,0.9813519890002168,1.2292428649045632,0.008568551773909305,0.006659198542945383,0.003045734901420684,0.006241014894364485,0,25,8,12.04227082821332,12.779552715654953,11.141148521340213,5.300600587905183,2.204390546784086,2.162598254929786,1.955502747298567,3.729878438050577,2.9088981440206676,5.243226683488388,2.143604232402869,1.4586290402198432,0,1.0
1,46,30,12.833333333333336,12.000000000000002,11.083333333333336,12.666666666666668,0.0143271404974182,0.012430251086507128,0.0111117351764069,0.010166457006290605,1.3345299723144706,2.196597049615292,1.1867961759069203,0.9968468718880104,0.013815972931740837,0.011466079819336346,0.009563359054490845,0.009144253767402508,0,52,32,9.338903907594002,12.04227082821332,11.059228311624477,2.8738395617068533,2.8228206326637326,2.2700376570935648,5.120579569630066,1.921957516698825,1.0945282172857276,2.7950246138576467,2.64641673122326,1.8733936961337028,0,1.0
2,39,26,15.500000000000002,17.000000000000004,14.583333333333336,16.500000000000004,0.009945299463112716,0.009912475675549957,0.009245411232884195,0.009044746041314332,2.8969519062470965,1.2280056964053188,1.3799487953039886,1.4915329087232865,0.009681462206022805,0.008402708558116105,0.008812443707282036,0.006466728910572253,0,35,18,12.04227082821332,9.830425165888425,10.076185795035633,3.9298641415494617,2.8001415507146334,2.0686553772497067,2.301845796631653,2.1447840278647448,0.9395233164915736,3.8468191929192,2.3744722524337902,1.1513171280011432,0,1.0
3,46,26,17.000000000000004,16.166666666666668,15.500000000000002,16.500000000000004,0.02019065289070544,0.017434630596932846,0.017392675155617227,0.01574164284401864,2.0953635652751075,1.7933796976612368,1.4612687575859695,1.1327493144568734,0.019617930468832586,0.013007345439635555,0.013488233259613056,0.006459397909351971,0,46,23,12.04227082821332,9.830425165888425,10.48578684361432,2.8780011109173533,2.4868288635716067,2.246315497113065,2.5997452508019308,2.41565731562622,1.347069422003429,2.804974131328533,2.2772393323945352,1.4859355975577642,0,1.0
4,8,3,11.940370370370376,6.028148148148151,0.8114814814814816,1.2751851851851854,0.008117617303565212,0.00212239964361221,0.0020486652381826397,0.0017273603926771233,1.4108663957014331,1.5296623132262397,3.1159964905659905,1.7912519907814524,0.008114441777541349,0.002069098202644447,0.001955812804303243,0.0008257370025644593,1,9,1,11.851851851851851,7.407407407407407,10.370370370370368,6.916544633037598,2.1178897984638767,2.042650511070083,2.690967631706002,2.5865763057849516,3.66588055325262,6.837914083977402,1.9651908054312357,1.7254564480381809,0,1.0
5,23,8,11.940370370370376,0.9274074074074076,6.028148148148151,1.3911111111111114,0.005225436803385645,0.0018128561096834004,0.0017379042408270384,0.001527469230486725,1.4067048246092069,2.683799001132731,1.4209166475134154,4.5449268645629415,0.00520546354152428,0.0017906339421692183,0.0016256136653908795,0.001057791423709934,1,13,2,11.851851851851851,7.407407407407407,10.370370370370368,5.891806062908655,2.5586689786580457,2.4884014494154068,2.8341879119360267,2.563077383004717,4.570550279715262,5.83349907000641,2.3985794089786947,2.159725871094974,0,1.0
6,19,6,11.940370370370376,0.9274074074074076,1.3911111111111114,1.6229629629629632,0.005198831891752102,0.0029455229961486322,0.0028281538102455602,0.0023538014827646256,1.3767269703152891,2.470659667808292,1.2290507914207842,0.9558324965675684,0.005176869782611046,0.002874099228288333,0.0018416130136373167,0.000788668737243758,0,20,6,8.433048433048434,7.407407407407407,11.965811965811966,3.564295822282601,2.9418788455417206,2.9217677737917582,2.130968870451269,2.3412109511761727,2.625167646372418,3.5014522980434664,2.4194338483448763,2.8418175705839515,0,1.0
7,33,21,4.057407407407409,2.550370370370371,11.824444444444447,3.7096296296296303,0.006315650846802814,0.0059214864688431155,0.005546925433748402,0.00501959749112085,5.118465166213742,4.272014770957284,2.048105059823399,0.906762404020082,0.006036280943911016,0.00426032953179445,0.0052903151231190595,0.001322674467750801,0,6,1,11.851851851851851,10.370370370370368,13.333333333333336,8.262071291729226,2.204336286214704,1.9493230731789368,2.688217723940724,3.1285919721720603,3.4024264628894656,8.189761060656721,1.8766495467163868,1.4078090806923118,0,1.0
8,4,2,11.9994102034798,5.9997051017399015,17.999115305219703,2.39988204069596,0.020211078225508,0.004212329861958886,0.002075452819713425,0.0019168746367657168,1.215173937399868,1.3047406729073856,1.397358506286679,2.1595938255896385,0.020191800055231496,0.0041881141262650615,0.00206703679149114,0.0017383173857525296,1,15,1,11.992529244077463,17.595596185982505,19.168386906517245,8.768621009225631,2.3386777349852945,2.0307038861172764,1.9043069163741817,4.629044053561671,4.051253499459023,8.626388606633919,2.1938048100045986,1.4924390025237964,0,1.0
9,3,3,11.9994102034798,5.9997051017399015,17.999115305219703,2.1998918706379635,0.008867489138443133,0.005086383563633138,0.0016007373557655616,0.0007654723141364325,1.2176694892861804,1.4318224312670864,1.313114904133556,4.5013965239492,0.00886233884818919,0.005028462293863111,0.0015552937943658575,0.0006989744614663214,1,12,5,11.992529244077463,5.996264622038732,1.3761918804679052,10.115124590779649,4.513879431135421,2.0826173199281444,1.81131008198831,1.3159765552612015,2.578462056641751,10.09055532562683,4.410244282964015,2.0170960520661145,1,1.0
10,3,3,11.9994102034798,5.9997051017399015,17.999115305219703,1.4999262754349751,0.02039245076458397,0.012161080374848629,0.003386879821124167,0.003105903514925437,1.1984988125606009,1.214136104040712,1.2959275456786088,5.3915020613691125,0.020355847344380583,0.012059589576027213,0.003354735906415599,0.002936455997841311,1,1,1,11.992529244077463,11.697630983977197,11.206133883810086,16.611353604030448,2.577672706341009,1.4823952625434305,1.7208880372656807,2.5594117194071373,1.2477424117072358,16.563292616517995,2.2204385482168503,0.8021476416360658,0,1.0
11,7,4,11.9994102034798,5.9997051017399015,2.099896785608965,1.6999164454929718,0.014157471358971975,0.006052418229518254,0.002952186516954507,0.002701199771861927,1.1879792834356095,1.3308383696224482,1.456029891675442,1.2593379569944627,0.014081313713794485,0.005962671230805268,0.0028398876901913404,0.0022205839533238183,1,7,3,11.992529244077463,1.3761918804679052,5.996264622038732,11.354371409258905,5.412572093548727,2.82195282333133,1.6839778667109613,1.4565434480455757,1.3509488572452568,11.3165722540064,5.3498151705398085,2.771229881893772,1,1.0
12,20,4,11.9994102034798,5.099749336478915,2.899857465840952,5.9997051017399015,0.012260411265541612,0.002318466389100665,0.002283701550178615,0.0021228172261042394,1.3400043728220368,1.4097124765935192,1.5055523514375722,1.5625966900358181,0.012254000061446094,0.0022761168101629843,0.0020590812270419143,0.0016010593739032677,1,2,1,11.992529244077463,11.697630983977197,5.996264622038732,16.21737095589301,2.488292245528576,1.71294662221764,1.6765751197273744,2.683939826785064,1.3873158668223908,16.177224882853437,2.0806494729673344,1.6388799470298292,1,1.0
13,11,2,11.9994102034798,5.9997051017399015,3.5998230610439403,5.299739506536913,0.010604777018627576,0.002453156328377521,0.002378512511912605,0.001707691617069729,1.2497081659323896,1.6322073916048367,3.021321702709166,1.7981966339332733,0.010572607706685095,0.002393689195444807,0.002175633772071531,0.0012314674116361186,1,3,2,11.992529244077463,5.996264622038732,11.697630983977197,13.30974306629901,4.436187067086778,2.1025077776727152,1.6533677143609251,1.3509201263569182,2.7768822183994786,13.267576816955199,4.392127900978425,1.9222529348971031,1,1.0
14,3,3,5.9997051017399015,11.9994102034798,17.999115305219703,12.399390543595796,0.015234759759520884,0.0147497999720304,0.008715557646439644,0.0011116281015660008,1.0808556795324549,1.2197757998536645,1.3632021339660128,0.6849153575651457,0.015200135373415828,0.01471571373688917,0.008670705714539439,0.0002301902032845777,1,2,2,11.992529244077463,5.996264622038732,11.697630983977197,12.181741690529135,7.760048885972455,1.861373050502072,1.7128667444848276,1.328642616812452,2.394599285862782,12.144086952524546,7.6951177264143595,1.5774298624505996,1,1.0
15,50,34,14.583333333333336,9.833333333333334,9.583333333333334,10.166666666666668,0.00385133394718499,0.003666765189657457,0.003486812258151641,0.0034480944857041233,1.4684408349441185,1.7154402150494832,2.8677498560664105,1.4518293792689008,0.003733176386096942,0.0034521851112409275,0.002448152240673481,0.003013777647061721,0,52,25,11.960350618497582,13.271073973949372,12.779552715654953,3.198729123915568,2.6482942930393016,2.602402632656473,2.4840829829271627,2.417729094960208,1.778797018104342,3.150717390537597,2.548777539860124,1.9516370185705412,0,0.0
16,51,36,12.916666666666668,11.500000000000002,9.583333333333334,13.250000000000002,0.006834578679445351,0.006176888157225116,0.005743179599620246,0.0056194354040131796,6.207880424326702,1.1804602430325415,2.4642591493608847,1.8639446663976005,0.006541404193876743,0.00543819895742661,0.005330936576203657,0.0010684496806339769,0,42,29,11.878430408781846,13.189153764233634,12.779552715654953,2.9317321467028807,2.884678324933198,2.7052750468042803,4.118959455979876,2.423703723691375,1.0754045531656686,2.881001814495963,2.4317168596845837,2.213587062979756,0,0.0
17,48,33,10.666666666666668,10.166666666666668,9.500000000000002,14.583333333333336,0.007075367981166253,0.0053013319993694755,0.005160192430644485,0.004958105746372849,1.2481127826299172,1.4741324217892924,2.3055949380061382,1.4646549175739665,0.006976965671224564,0.004571534282216985,0.004627421679953562,0.0047859416135240355,0,42,23,11.960350618497582,13.271073973949372,10.649627263045792,3.5873839114506483,2.719561163380822,2.6770610717588315,2.2695798176846442,2.8888178045353072,1.6020364276062935,3.545201784642199,2.439884384599042,1.9500071915537447,0,0.0
18,47,35,14.583333333333336,10.166666666666668,16.333333333333336,14.083333333333336,0.005138406944537742,0.004781279425268706,0.0047447116756127615,0.004659665966793757,1.4825018820787363,1.2487653487028467,1.3755818439321388,1.8196145764160008,0.00485439826552357,0.004509538806925832,0.0041964006387989,0.00398986871153265,0,52,41,12.04227082821332,11.141148521340213,8.929302859015321,2.418548652792412,2.3786862325589984,2.334574367481791,4.6357417009285475,4.8227730711440975,1.3111535836736294,2.369694771789987,1.9517357774052668,1.983099409115068,0,0.0
19,38,13,15.583333333333336,13.250000000000002,12.916666666666668,13.750000000000002,0.013491721544423496,0.010715920235305869,0.00998556408008227,0.009801284335454043,1.4538964077758862,7.177615326317892,0.9293873379671992,3.7681198848677298,0.013064245544569732,0.009418386016759098,0.003310590417606465,0.007631407790537355,0,40,20,13.189153764233634,12.28803145736053,12.943393135086426,4.0595401984843615,3.8303220899830537,3.0977825576861355,2.0246899294230047,1.9999326526020127,1.7861510296044116,4.029998315612915,3.4620146272872585,2.0119932650501564,0,0.0
20,53,39,16.333333333333336,10.166666666666668,11.166666666666668,13.250000000000002,0.005138341084486866,0.004939763065317068,0.004681674967362309,0.004657358229328364,1.9159482618184145,1.39052560200912,3.1284971618752024,1.5569840863576871,0.0050065125003627255,0.004869016486033964,0.004507209605711044,0.0041449928671730965,0,48,25,13.189153764233634,14.09027607110674,13.516834603096585,3.511937220799015,2.61210219382106,2.252204003950861,2.6681110078861536,2.1891328763088893,0.8344186928409556,3.4193669566041938,1.897568652721552,1.0284514924137769,0,0.0
21,48,28,6.833333333333334,9.416666666666668,14.916666666666668,9.583333333333334,0.006248090202586224,0.004428773256186955,0.00398699060150006,0.003985545764400488,1.9814098656824228,3.3767505352790583,1.3321412961343242,0.7133392202662066,0.006055765807839553,0.003988430625472882,0.003739906021368941,0.0011972867933209338,0,45,25,6.5536167772589495,12.28803145736053,5.7344146801015805,2.7015886843251384,2.6530360727890683,2.4779864294440688,3.1663332883316286,1.839701571968618,4.2262459229530975,2.6594092613926987,2.563308033659854,2.218745095256312,0,0.0
22,65,43,9.500000000000002,9.166666666666668,9.833333333333334,6.916666666666668,0.005497479287979014,0.005486799996330657,0.004841267447205779,0.004772299381700297,2.6287059032770093,1.7395745154829996,0.9342879776470738,1.6555636118007442,0.005248247993000374,0.0033694193614954237,0.002313920049192995,0.004072536901770499,0,37,13,9.011223068731056,8.847382649299579,8.519701810436635,3.917410259351192,3.897104427778285,3.5639400493376123,5.157880960930385,0.9862084688880088,2.3800589781808266,3.86912069311036,2.0375384270338683,2.28497219787329,0,0.0
23,58,42,9.333333333333334,9.583333333333334,6.916666666666668,9.166666666666668,0.004075260784957268,0.0037683550875951795,0.0037137500489762883,0.003091008338956761,4.491067049590826,1.1785383682528447,1.9752273719720816,0.8392753661253352,0.003898368428744479,0.00022033659382017862,0.0035581698731548548,0.0017526500300494546,0,49,34,5.7344146801015805,6.635536986974686,12.28803145736053,2.9177350832654287,2.8447830359961044,2.3571415841808974,5.849329746619206,2.8206029227502256,1.7967013873192743,2.873912717517636,2.297314233337519,2.2664763638289678,0,0.0
24,58,41,6.916666666666668,9.166666666666668,9.833333333333334,14.333333333333336,0.0044040812867517706,0.004260911137141939,0.004152449630257473,0.003921388792185418,1.4501344708253328,1.3203854577710388,1.9945939257582097,2.762719962198304,0.004308357920187527,0.004092584450282886,0.0023858443169915075,0.003865670866030016,1,32,17,8.847382649299579,8.519701810436635,9.011223068731056,3.7749270871669447,3.698798803074169,3.66280700594796,2.7949238641681973,1.6605287924796812,1.1081223442470645,3.739433894280092,1.9072068452366635,1.939500268521266,0,0.0
25,36,23,14.333333333333336,16.166666666666668,15.666666666666668,16.500000000000004,0.009441657819320522,0.007817991038962132,0.007236699116554158,0.007127388742172488,1.7659220810378995,1.2104214027646665,0.93568163555949,1.5553281493181432,0.009093430474034308,0.006385948352504834,0.004805856680933178,0.004972579791253025,0,47,23,8.601622020152371,14.336036700253947,8.765462439583844,2.8573610976639374,2.836216532102571,2.5305904751577493,4.688310801685105,2.3117124197739543,0.9698813467582283,2.813690862039574,2.7886808801080303,0.9647873624234432,0,0.0
26,49,31,13.750000000000002,14.333333333333336,15.416666666666668,17.250000000000004,0.011175871060999123,0.01089545111952418,0.010684924359681795,0.010556262505670409,1.7035887565785115,1.5057380207962865,2.8056395222966732,1.3771496733192237,0.010843982639874556,0.009531633666216713,0.009322606752253848,0.009477554123492184,0,38,19,13.1072335545179,15.646760055705741,17.203244040304742,2.5212408102764483,2.3257730578951787,2.1764296905191043,2.0755985768091136,4.725699459055988,1.6326802588903035,2.49270961349977,2.178988064211964,1.9194067293450576,0,0.0
27,46,26,8.833333333333334,9.583333333333334,8.583333333333334,7.750000000000001,0.01067551776468743,0.009960133963964021,0.009688353337834316,0.006789312304300146,1.989486290147326,2.092310557101655,1.0761580488959908,1.4064330571369508,0.010535962004742012,0.007807725173103449,0.008866810887567723,0.006317265833813985,0,42,18,8.601622020152371,8.765462439583844,9.584664536741213,4.11845019351026,3.708297103210316,3.0109426138830964,5.191080401090346,1.0760614342624135,2.1558888202078066,4.0702110935950095,1.4181657521385485,2.4661122543126,0,0.0
28,52,42,14.333333333333336,15.666666666666668,16.166666666666668,13.750000000000002,0.008775018337155499,0.008775002552912267,0.008182923751099355,0.007712848299415022,3.5711480388980306,1.089368854618982,0.9890165427707416,1.7166744531360223,0.0083667090315566,0.007525747414750538,0.007044799851111897,0.006535214354838549,0,43,22,8.601622020152371,8.765462439583844,8.437781600720898,4.140250062823459,2.924612233234741,2.2471571544829176,1.2477941768704568,0.9247029073494986,1.4669356916460714,4.071736800346232,1.8081834643827928,1.6505214399221662,0,0.0
29,51,35,8.583333333333334,10.750000000000002,9.083333333333334,10.333333333333334,0.0055797501251718,0.0053372841919115295,0.0052961004783127754,0.004980047460308943,9.995435329001909,1.2839766238728885,1.5815750641011592,3.9197547501388783,0.005324422321007404,0.005072784058491061,0.0021070740143448773,0.00416738659660225,0,41,27,8.765462439583844,9.584664536741213,12.04227082821332,2.7104634014564124,2.66291395307434,2.594401762250003,2.406680303827045,2.623853740457278,2.1365632238385217,2.6512068276720067,2.508641518157284,2.478617637421352,0,0.0
30,34,16,11.824444444444447,0.8114814814814816,1.2751851851851854,1.6229629629629632,0.004757344830852166,0.002530618194500169,0.0022849812330614913,0.0020310332963257897,3.7949652174260535,2.099912709270625,4.322264351243838,1.3247066947061068,0.004720733154307434,0.0024745474981076555,0.0014821739967249296,0.0004518619763990103,1,20,5,11.623931623931625,8.888888888888891,10.940170940170939,3.4370957411466403,1.773051534215467,1.6445376853887843,4.393270662947941,2.3801374745793,6.648164931186769,3.287323551600615,1.6691832175672532,1.495883865058584,0,0.0
31,22,7,11.940370370370376,0.8114814814814816,1.1592592592592594,1.7388888888888892,0.006829430752360354,0.006584534563168764,0.00601031727030125,0.0045050036097605715,1.495033764297176,2.3336920165998327,1.1615697641033638,0.9472118368855896,0.006749028444110554,0.0064872449619358865,0.003679736814806074,0.0038747930196532734,0,25,9,11.851851851851851,11.623931623931625,10.370370370370368,2.955213496129547,2.9308540620042085,2.250276014887445,4.9029652249836175,0.9078387130949608,5.207438642634955,2.8760342111142814,0.6466160942950361,1.4074650792879906,0,0.0
32,6,1,11.940370370370376,0.8114814814814816,1.3911111111111114,6.028148148148151,0.010401812972752823,0.002809030863773237,0.0024262308194971005,0.0016915319970689294,1.3787586866773154,2.038656091283852,1.4140005401779447,2.5622849914744563,0.010339089240780863,0.0027444562260397665,0.0016622458611455081,0.0014886996132993991,1,15,3,11.851851851851851,10.598290598290598,11.282051282051285,4.436547286350058,1.7776623659744513,1.4426030650474921,2.5437842207576717,4.666167966125869,1.827410037221909,4.395880789303241,1.1668596221952194,0.5777050738235125,0,0.0
33,6,2,11.940370370370376,0.6955555555555557,1.1592592592592594,1.5070370370370374,0.009634077837378293,0.003242205929331052,0.00317949685617664,0.0021239800161761235,1.345899146988998,3.3194204428900997,1.1233524385526774,1.3435299209926086,0.009589909393707012,0.003040980725328784,0.002609784097151437,0.0015885203572500153,0,21,5,11.851851851851851,10.484330484330485,10.142450142450144,3.100590762066032,2.0674382345048703,1.4466033510197198,2.77302890565781,3.3293445990682216,0.8343508632189724,2.9856545309812623,1.7663386147727178,0.5199841271213849,0,0.0
34,34,19,11.940370370370376,3.1300000000000003,0.9274074074074076,1.1592592592592594,0.006240006202651622,0.004134448433069508,0.003753502663336911,0.003550678545697974,3.00163879227513,1.6280626898130528,2.3250559338757286,3.031677608169004,0.006150571460656235,0.0040167468587363545,0.003257701244661536,0.002031638816167159,0,29,6,11.623931623931625,12.079772079772079,8.091168091168091,3.333870621668673,1.637102588877802,1.5055240074285468,3.2501941741659417,2.1338865502062987,2.2259515599819224,3.2043132438677584,1.3480496789460097,1.3011819554609196,0,0.0
35,15,10,11.940370370370376,1.2751851851851854,0.8114814814814816,1.970740740740741,0.008643745820442028,0.005524945799622586,0.004952341969314178,0.0033141829807606764,1.5202978275290917,1.4635271956604132,1.9325604074817264,1.2537399513980176,0.008616693059153342,0.005395346403103581,0.0041344854202485974,0.0030126369179758927,0,22,11,11.623931623931625,11.851851851851851,12.193732193732195,2.482481369541852,2.412842522622073,2.037282258992394,4.94009984643688,0.9211319918924944,1.2199800140494546,2.4450665734882797,0.5359986534412079,1.3834163294870767,0,0.0
36,8,4,11.940370370370376,1.2751851851851854,2.3185185185185198,2.666296296296297,0.013245045036070218,0.005060345160267386,0.003717412847048718,0.0033830478094343504,1.3962857360833425,1.1490007508016475,2.700987397833618,1.5271639278070666,0.013153626603480037,0.004782885724821756,0.003027288674711697,0.0028774812261516264,1,12,6,11.851851851851851,10.598290598290598,12.193732193732195,4.065298125371677,1.8234050123490448,1.5940003123555249,2.605432143529214,3.9396969935132944,1.6184163224662171,4.0118108018551455,1.10915623596622,0.6149268042758829,0,0.0
37,1,1,11.940370370370376,5.912222222222224,0.8114814814814816,12.751851851851852,0.013639455396769494,0.002624572857252227,0.0019326580112613925,0.001591495269046066,1.3703880248189222,2.178038604668508,2.2436835104687605,1.4088889742206447,0.013620299686385279,0.0025400929187635564,0.0018936569301274868,0.0005116993622020789,1,18,8,11.851851851851851,10.598290598290598,12.307692307692307,3.6481735328120046,1.5650705543466927,1.4768421583993387,2.6544206380447832,6.581501599207911,1.5839569220813132,3.588277901356017,1.2576076425943354,0.4022291415849288,0,0.0
38,13,1,11.940370370370376,12.751851851851852,11.244814814814816,10.665185185185187,0.015727528341916753,0.003759398692544329,0.003432733299021732,0.003324012988750902,1.6268304487241068,1.929046697834352,2.6544348262094104,1.5608201662534642,0.015416213876168578,0.002774077648481409,0.0027433792571434465,0.002757091676639645,0,17,9,1.7094017094017095,3.532763532763533,2.7350427350427347,3.8380046722016163,2.750315924298865,2.3056226815849934,2.4692764488324648,2.696558924134869,2.0935180437257586,3.6838809609814067,2.7038940955262967,2.1623551755101715,1,0.0
39,6,3,11.940370370370376,1.0433333333333334,1.2751851851851854,0.6955555555555557,0.014824445235416666,0.004673082022911545,0.00391991964596591,0.003878391253076704,1.4420611651236612,1.8305041622084044,3.5180160645546046,0.8419652464613012,0.014789213200130503,0.004553390153565374,0.003288406151223202,0.0017060341833046073,0,23,14,1.7094017094017095,11.623931623931625,7.635327635327635,2.7494277577907718,2.647683915375372,2.1149070298903725,2.676111794337229,4.214772911214581,2.5275632710755933,2.6284359135483606,2.61292596499432,1.9650302797647927,0,0.0
40,4,3,11.940370370370376,6.028148148148151,0.8114814814814816,1.1592592592592594,0.017014360108467776,0.0035961268436625624,0.002720134630643637,0.0022261122826991377,1.3820690517544278,1.5152116991835598,1.3748573356712406,0.9781132113735502,0.016940893873007866,0.0034425290308857264,0.002639261109619227,0.0014543537722839649,1,7,0,11.851851851851851,12.193732193732195,11.054131054131057,5.135535374588776,1.7559858446242238,1.7210988721645528,2.510372969647733,1.460167083068285,1.8980736388087536,5.085868712273428,0.6748172528505603,1.0090216648267736,0,0.0
41,11,5,11.940370370370376,0.9274074074074076,1.2751851851851854,1.8548148148148151,0.010640741844300135,0.003831545646458117,0.0037047038790844174,0.002476869509065649,1.3485211451717165,5.023891044398686,0.6757236292182345,2.3046334619596087,0.010607753231260321,0.0037391305943552094,0.0009448424431420226,0.0014605987318511116,1,9,2,11.851851851851851,1.7094017094017095,10.484330484330485,5.207888615367585,2.0014586650433643,1.6611829215087155,2.5363354206670152,2.7873094605082187,6.155608994812724,5.150999834387957,1.8799827105157272,1.0867849038839688,0,0.0
42,5,2,11.940370370370376,12.751851851851852,13.215555555555556,12.52,0.03275702534939135,0.006802480392533402,0.006121244363374239,0.005780459658546293,1.6152115134220253,1.8570238374544767,1.030897323100291,2.50176537570222,0.032741950366174895,0.004959946341724471,0.0056189230845498815,0.0031336933298633986,0,19,8,2.7350427350427347,3.304843304843305,3.988603988603989,2.4705021328168804,2.333307792433144,1.982076095218125,2.4812888345165653,4.031176322936498,1.6920817577501095,2.3615489140025803,1.6903948355159937,1.1233475899511278,0,0.0
43,2,1,11.940370370370376,11.476666666666668,12.751851851851852,11.128888888888893,0.03165228836480096,0.003307222507455239,0.0031643560842476697,0.002908724760789809,1.462368788224694,3.9078487240876143,1.5239230174677942,0.6760147008555464,0.03163322422831905,0.00155853911491598,0.0017078926426516642,0.0003286583108519439,0,19,10,1.7094017094017095,3.304843304843305,3.988603988603989,3.1464036876777457,3.1241125556610205,2.800332241463387,3.0441527451876507,3.7650184912190343,2.52646288358752,2.9807487443590794,2.781719617207869,2.3169713732217825,1,0.0
44,3,2,11.940370370370376,0.8114814814814816,6.028148148148151,1.3911111111111114,0.01789814823767496,0.002809632949898627,0.002557141480817569,0.0024763790325389233,1.3397606261274433,1.1975371652507365,1.5894035285316477,3.8384229574022335,0.017822431706650554,0.0027048499821365948,0.002309911779875593,0.0017262151187885512,1,5,1,11.851851851851851,12.193732193732195,13.219373219373221,6.977178276869062,1.8932581286733825,1.6896665182145827,2.621226848340441,0.8847557361532951,2.483429865167352,6.940833028965727,0.313161917928507,1.1956156059224314,0,0.0
45,17,9,11.940370370370376,1.1592592592592594,1.6229629629629632,2.666296296296297,0.009993818797822431,0.007974950506029829,0.005672212474457821,0.0047790315672395535,1.328882094999969,2.614291718608877,1.142084838668449,1.5932457597576892,0.009924850857704318,0.0077416249418987984,0.0020759748481138183,0.002905489584938537,0,3,1,11.851851851851851,1.7094017094017095,10.484330484330485,5.519264178686382,2.511869856892101,1.6668774849477614,2.6952106280410533,2.7802303871857297,6.0099973729571445,5.484528261237208,2.418827650616973,1.5214854151917314,0,0.0
46,7,2,11.940370370370376,10.317407407407408,11.128888888888893,0.9274074074074076,0.012622960621758505,0.003324461633303105,0.003289132132648932,0.002312767678335748,1.340374906451018,2.1276219192235293,3.3405955993409435,2.4684954182447543,0.012619931912121705,0.0032776336568452755,0.002879780618627268,0.0022714438078858816,0,22,7,3.304843304843305,5.470085470085468,7.2934472934472945,3.181547659989324,2.558002834263257,2.4745454040331287,4.3769938445714125,7.489753487792349,2.336483411664375,3.0864308404780627,2.2425264009786487,2.2898319050309843,0,0.0
47,22,14,11.940370370370376,1.2751851851851854,3.2459259259259263,0.9274074074074076,0.005691327913949315,0.004164350032507589,0.002147953298130713,0.001974553285483757,1.3526435191867847,1.4309924367379114,3.0215866230058026,1.9667849813835956,0.0056777972751421504,0.004129134049228313,0.0019944830876233825,0.0007614251854824268,0,6,2,11.851851851851851,10.484330484330485,1.3675213675213675,6.0268248757592975,2.850763539789088,1.5032382749049331,2.727192564323076,3.99974293874314,1.4820172142432746,5.9447045477396845,2.4697078519931717,1.4095143565684898,0,0.0
48,11,4,11.940370370370376,11.128888888888893,10.665185185185187,10.317407407407408,0.02771469156037336,0.01135840315613942,0.008920337952914817,0.008819374466787676,1.8816254677619642,1.274377620892622,0.9073268449455014,3.0481479401253613,0.027238406651969558,0.0064156156984041856,0.005020787944128655,0.00693155678723634,0,28,14,8.774928774928775,8.205128205128204,7.521367521367521,2.95531930199462,2.7614877972183614,2.6768036833282323,6.043480895475397,2.411489096666472,2.2409278332779365,2.9000157444338783,1.689357176879805,2.3082364913920426,0,0.0
49,13,3,11.940370370370376,11.128888888888893,10.317407407407408,10.665185185185187,0.014513547995654453,0.005036967611192448,0.004502435736619942,0.003500738824509349,1.3500342342462517,1.4079698416781101,2.380630336808452,0.7795288284282123,0.014445816627452009,0.0037969200130880095,0.004246250737283085,0.0018138926590454886,0,19,8,7.2934472934472945,3.304843304843305,5.470085470085468,2.98271688542734,2.7882234388146205,2.4693612104654137,2.7986770571884776,4.680438668700521,2.9977447529077352,2.8893577423996564,2.6180005021613395,2.100900717848772,0,0.0
50,20,8,11.940370370370376,1.2751851851851854,1.7388888888888892,2.7822222222222237,0.005020992898253791,0.0043152100114335285,0.00396443103200791,0.0034144505693257518,1.3252928973468698,3.3371533408569807,1.6348670312196931,1.1456690739580146,0.0049486884320398715,0.0040109726633765315,0.0026812140206356953,0.002206777968797664,0,18,4,11.851851851851851,10.484330484330485,1.3675213675213675,3.5518166440302705,3.384226888912784,1.4955206040601634,3.555276849788996,4.393797352966999,1.948061551310168,3.50185192115543,3.098357372241353,1.3270205240875066,0,0.0
51,21,7,11.940370370370376,11.012962962962964,11.360740740740745,10.433333333333335,0.007154027188235062,0.0038880088825730985,0.003093557959446061,0.002585828234603832,1.7994511178557389,6.284685155937211,2.581196862221816,2.2479949262802563,0.007093406569807332,0.003704489668433498,0.0008017114892703907,0.0020172872087237566,0,27,13,8.205128205128204,8.774928774928775,5.356125356125356,3.4428605153273253,3.3933317602575217,2.916321674282735,3.3395283818840795,2.390012594211669,2.3016009930082646,3.4074830245104524,2.304687509469676,2.5483779009621816,0,0.0
52,22,9,1.0433333333333334,11.940370370370376,2.086666666666667,1.2751851851851854,0.008179470995358288,0.007766147259355545,0.005496482393736752,0.0050391559077038435,2.9779646596287472,1.2804046168333798,1.5079264333039075,1.0729526491585997,0.008042374170167843,0.007703662898624045,0.0043181332753855295,0.0019469575443099773,1,14,2,7.2934472934472945,8.091168091168091,6.6096866096866105,4.362501643842224,2.2347642824716374,2.1514355079084035,3.0580627216297667,4.133212957092795,2.4994641144056478,4.247261658111857,1.953019526797647,1.143565440546356,0,0.0
53,36,21,11.940370370370376,2.2025925925925933,0.8114814814814816,2.550370370370371,0.0037886546902545577,0.002880377211304153,0.002440825181311113,0.002120933703802473,1.3864669186381775,3.216952032499403,2.0844987822026932,1.0579368269936076,0.0036896856412007156,0.002735875316195201,0.002193777154582105,0.0011469645844201556,0,26,9,10.484330484330485,11.965811965811966,9.116809116809117,3.06318924260309,2.660773249702709,2.1057944077410515,5.058280993068081,2.103376051405462,3.221082168666939,3.005652322764997,2.357303007090822,1.5897019832005248,0,0.0
54,19,8,11.940370370370376,6.028148148148151,9.73777777777778,4.057407407407409,0.007805171508692783,0.002997281228661145,0.00278947525320496,0.0025811142545241693,2.5233956539768063,1.4171896570922937,2.178304403620998,2.1442030173628126,0.0077710903543858,0.0029027228385022147,0.002591484633707469,0.0023468544007680192,1,9,4,11.965811965811966,11.396011396011396,10.598290598290598,4.277335745724948,2.5421432622282167,1.8577606940550715,3.8124092939319643,1.5227758542330891,5.6560877349281915,4.138793696439947,1.0238650838814594,1.596041143595344,0,0.0
55,22,17,11.824444444444447,9.73777777777778,6.028148148148151,4.057407407407409,0.004830319747186114,0.00322143163177595,0.003203363231637995,0.003055042829711477,3.4752703102752776,1.6914080504024724,1.5049990007729903,1.70806931354781,0.0047976188635391595,0.003063242946399361,0.0030832279609447786,0.002622702241270619,1,21,9,11.851851851851851,7.635327635327635,12.42165242165242,3.284439391540251,1.8645897538245928,1.6236791372239074,3.4318216478948926,2.2701759576513467,2.038474723161059,3.2250874818870963,1.6255521521120384,1.1970185785953753,0,0.0
56,14,7,0.8114814814814816,1.2751851851851854,1.8548148148148151,2.2025925925925933,0.011228070414887114,0.00734482312661703,0.005224273836919219,0.005212572336184832,7.631812994646318,0.5286857706240813,4.201008240969772,1.6339146207256439,0.01109537570008656,8.342047325033894e-05,0.001129005948868001,0.00045609639816314006,0,12,2,11.509971509971509,12.079772079772079,10.370370370370368,5.999881704141476,3.770991899807256,2.174668685845261,3.0918638806202523,2.235365324081542,2.235933974568951,5.936260595487455,3.33182063192756,1.8890329161958377,0,0.0
57,40,29,11.824444444444447,3.941481481481482,6.028148148148151,1.2751851851851854,0.0026313032614239643,0.0023783630497344953,0.0023690242678617718,0.0022154212819008806,2.193978639985417,2.0568830019355677,1.1767133951480986,1.4009202612487357,0.0025125869802791736,0.0022406127675439623,0.002124371148906605,0.0019059859217481247,1,24,13,3.988603988603989,11.623931623931625,7.635327635327635,3.103083398199197,2.5458921167276194,2.521442344257433,2.2870787744589047,3.498660910978898,2.421703026767119,3.0051272622603915,2.441361433816333,2.3161662070195157,1,0.0
58,42,31,3.941481481481482,0.6955555555555557,11.824444444444447,6.028148148148151,0.0023697149017387555,0.0023217347160630853,0.0022913799528734872,0.0021387389770565557,1.9036529012339043,2.6482149914752435,2.2253248338376324,1.2963438653359916,0.0022698544680037395,0.0020414146638856093,0.0021936338765310317,0.001837759645159313,1,16,8,2.7350427350427347,11.509971509971509,4.672364672364672,4.459161038092855,2.4993976683386427,1.862014248283146,2.85413990543896,2.8802731309640985,1.7627411836487,4.3077851842839525,2.4095878950216694,1.4440763704405817,0,0.0
59,45,34,11.824444444444447,1.3911111111111114,5.564444444444447,8.810370370370373,0.003033029948892333,0.002781939515847119,0.002492852994489809,0.002417321059667444,3.04500970766577,2.020416386220324,0.9860347284724896,4.446923399599697,0.002967174973278966,0.002681784496168061,0.0020575436325005704,0.0022073996449667303,0,20,11,4.330484330484332,5.2421652421652425,4.900284900284901,3.5918028979800516,3.4961166727067114,3.457014152992754,3.3726804597950064,1.7639267536979446,1.9109519708924625,3.4802855936631163,3.0759049082496666,2.7110965169655317,0,0.0
60,47,34,4.173333333333334,5.912222222222224,3.4777777777777783,6.2600000000000025,0.014013697930108444,0.013678038761460851,0.012902995194583412,0.012611082182661134,2.3228564898539474,4.305296574892574,5.3507211237797145,1.0636760720664429,0.013836467477118485,0.01308407706966958,0.011276820805858016,0.003613174182885622,0,18,6,11.851851851851851,7.407407407407407,8.433048433048434,4.152425065346168,3.5906029703415965,2.579905588687033,2.7989807233576727,2.9171338766423105,1.8403094103222912,4.098350638729981,3.3866124282261687,1.7864991510324666,0,0.0
61,39,29,4.637037037037039,8.230740740740742,5.44851851851852,2.3185185185185198,0.009415558308192077,0.008478125805892241,0.008468807443320639,0.00774876517672032,1.6858406753828206,1.2804841019921156,3.0116106202237414,1.7630277542369759,0.009046127406681663,0.006869937910446282,0.005127137429527578,0.007231576423100794,1,16,9,4.672364672364672,5.014245014245015,3.532763532763533,3.799222512405168,3.699671166753344,3.2594796590785378,5.1997991812432645,0.8352174195893269,3.5606475900965897,3.7253183556043536,1.3525127593513453,2.640435682378897,0,0.0
62,41,25,12.288148148148153,8.57851851851852,8.230740740740742,7.99888888888889,0.010620421475299256,0.009942722680143134,0.007646220153992673,0.007470274190699758,5.062695417633093,2.900143177135988,0.9206540436187112,0.9794324229349484,0.010507733598289763,0.009431859964658734,0.00501573160278692,0.005785879055240886,0,27,17,8.774928774928775,7.521367521367521,5.2421652421652425,2.9353108584021785,2.8345404704798924,2.7072812564053743,3.41067327460361,2.5558657150784607,2.0930580510906007,2.871940193083564,2.6312387466018694,2.4365848467108635,0,0.0
63,14,7,5.9997051017399015,11.9994102034798,3.7998132311019375,4.699768996362922,0.0027430725241335127,0.0022998950572626236,0.0006977143749993165,0.0006164983539590468,1.5146103664245985,1.2102891472620738,2.02123875538674,3.3604946583122697,0.0027256603438933326,0.002269350933671256,0.0006770314744296642,0.0005827328305545238,1,35,20,11.992529244077463,5.996264622038732,1.3761918804679052,4.618458295066873,3.4044796090106098,2.9487047537555435,1.221066927852391,1.5745329527284184,2.455934498891025,4.504112116766206,3.304738124008413,2.8619478468075097,1,0.0
64,32,19,5.9997051017399015,3.2998378059569453,2.39988204069596,11.9994102034798,0.002972572311376734,0.001771256431970821,0.0017160696636857075,0.001569711664688333,1.5008016478184985,1.163543104337485,3.027001691400745,1.0849377412256869,0.00294785606971784,0.0016259101129607937,0.0016283371967436278,0.0015290160399054932,1,2,2,5.996264622038732,11.992529244077463,5.701366361938463,16.178746756533545,4.440663081271555,2.1868129355095034,1.3606558371765658,1.8088878095722265,2.1566376779579532,16.10917878023777,4.4173855320928865,0.9771608833609744,1,0.0
65,6,3,5.9997051017399015,11.9994102034798,17.999115305219703,3.2998378059569453,0.007285418475109372,0.0054474617410775784,0.0015801455001821045,0.0009539365957361864,1.165679157300687,1.2183049940036879,1.5411958067545302,1.465009643754307,0.007276174833818631,0.0054311990655512956,0.001560254202980456,0.0008133953195879622,1,7,2,5.996264622038732,11.992529244077463,1.3761918804679052,10.16361349536042,6.13270886235377,2.176227247849365,1.3229261705371729,1.757215524527055,1.8135529368434096,10.12345811723047,6.059048391823374,2.0917779823051528,1,0.0
66,11,5,11.9994102034798,5.9997051017399015,2.1998918706379635,1.5999213604639737,0.00766510571056508,0.004064827392901758,0.0030803072227278865,0.00267400952392552,1.201199401691042,1.1899794444511684,2.796705109007707,1.3332298766353825,0.00762112475298578,0.004013992917360849,0.0029909331149209854,0.0014281643268024716,1,5,3,11.992529244077463,5.996264622038732,1.3761918804679052,12.607587140356884,4.354758208420272,2.447854092793135,1.6505100575564882,1.303852176310066,1.4101487061825877,12.589596552708366,4.3123971871157405,2.379953945172444,1,0.0
67,6,4,5.9997051017399015,11.9994102034798,17.999115305219703,2.299886955666962,0.004379424190051461,0.0018128174827226856,0.001002951802396507,0.0007523567619100982,1.2881963217662855,1.1860753377311823,1.4796817488108047,1.1657941026536136,0.004337619208270671,0.0017929235462591767,0.0009681179222099605,0.0006615638018655808,1,2,2,5.996264622038732,11.992529244077463,17.988793866116193,15.683083756675765,5.048026520449277,2.4473396329827746,1.370007068877911,1.7719677428232077,2.5457401953749184,15.609446908462115,4.971589414350693,2.365817630707721,1,0.0
68,24,13,5.9997051017399015,2.299886955666962,11.9994102034798,2.599872210753957,0.005041336185551361,0.004691391081516832,0.0033955701448588845,0.003374276229791076,1.4928227508104115,1.192200112878666,1.1898761531266049,1.1133469706086316,0.004951676740545778,0.004587521178856132,0.003364396643969539,0.002909688436884997,1,3,3,5.996264622038732,11.992529244077463,1.3761918804679052,11.796819244900663,7.374074416289424,1.8988488834715704,1.3568693329770625,1.6531788440349686,1.1643712609457992,11.71447313412364,7.329308637701222,1.8021354087228003,1,0.0
69,3,2,11.9994102034798,5.9997051017399015,2.1998918706379635,11.799420033421805,0.005400504892598688,0.0036374078854554117,0.0008913127618057963,0.0007297953575801608,1.2108881184703506,1.3202938701234783,4.180054095777192,0.5011258451704492,0.005391649963952136,0.003591667568192017,0.0008222643899963096,1.4698423542356624e-06,1,7,2,11.992529244077463,5.996264622038732,11.697630983977197,10.604190801158909,5.995430597804982,1.7984041383342444,1.7240129435052438,1.2962472276742505,2.1302230485299845,10.584389292308714,5.9508960543518254,1.4570570589022205,1,0.0
70,26,19,11.9994102034798,1.8999066155509683,2.39988204069596,2.099896785608965,0.004361769390361422,0.004018835113801803,0.004017553654334706,0.003742325413251428,1.3052175585740995,1.1355253892419483,1.9726438584839412,0.8483724733041491,0.00431020809182551,0.0039658702821259335,0.0038810704876452405,0.002512352363558757,0,2,2,5.996264622038732,11.992529244077463,17.988793866116193,11.313682916874626,7.31177263149001,1.3454637642799792,1.3612087389365826,1.6846034297514478,1.9503396116617464,11.282912001949036,7.200796956836543,1.2855535990922755,1,0.0
71,10,4,11.9994102034798,5.9997051017399015,2.39988204069596,2.099896785608965,0.00470223861980055,0.0028352542132627787,0.0011435033073708446,0.0010892500673679287,1.2035195833151136,1.4143499091336906,1.6514193125505727,1.1452485596482127,0.0046959550179848574,0.002827422115535474,0.0010561887622978626,0.0005821359836682747,1,3,2,11.992529244077463,5.996264622038732,11.697630983977197,10.159078692197387,8.162327894274057,1.5968484331272557,1.671118208003065,1.3362369216321708,2.197182877174328,10.125923411195133,8.08667234508212,1.2435552070657518,1,0.0
72,24,13,11.9994102034798,2.7998623808119536,2.39988204069596,2.1998918706379635,0.002326753240162897,0.0018934440106526753,0.0018464197262405414,0.0015998838722076755,1.3995360682473148,2.2313679539870317,4.2530568194724205,0.9074372649864664,0.0022831273647510963,0.0018421133149601535,0.0015087269003112708,0.000355985033053635,0,15,4,11.992529244077463,5.996264622038732,1.3761918804679052,7.9127327548453055,2.3717943883602404,2.1691075043161447,1.7470136454971907,1.9307119179427372,1.4846184735713894,7.882082708747842,2.2903180015006326,2.0708409795149003,1,0.0
73,19,9,11.9994102034798,2.599872210753957,17.999115305219703,1.6999164454929718,0.0034704090355167014,0.001460417451929532,0.0011647733367067296,0.001154698821916611,1.165440127535561,2.981632404742516,1.2622632092295871,1.130982471073347,0.003467429335762272,0.0014249292318849838,0.0011370219654771366,0.0008463061675616548,0,37,16,11.992529244077463,5.996264622038732,18.873488646416988,5.537499868664553,4.015990480413929,2.129070907399053,1.7538386512735542,1.3530954230657173,1.5173412736441492,5.477114830090655,3.9705731505807873,1.921092465003972,1,0.0
74,6,2,11.9994102034798,5.899710016710903,17.999115305219703,6.099700186768899,0.004648234673937639,0.0011214296546128721,0.0010960295993743,0.001068057550345882,1.2144646340822902,4.7739665193095595,1.3202751144846443,1.3925103481948111,0.004633040202241331,0.001092788735995423,0.0010850525244438481,0.0004377548953891449,1,45,21,1.3761918804679052,11.992529244077463,3.3421802811363412,3.476791408806359,2.9576530018402254,2.606364547288878,1.6204534819288092,2.6144571123359133,1.5925207998405426,3.4113461223891988,2.849899785792956,2.4867035030948657,0,0.0
75,8,3,5.9997051017399015,11.9994102034798,17.999115305219703,1.7999115305219702,0.004527198946860964,0.003172862838482107,0.0022348010838521455,0.0008849433898010226,1.1202871450607503,1.212097226908284,1.4193893798197337,2.0410463213563403,0.004505450395321814,0.0031510470203743755,0.002215963266814433,0.0008255628921360996,1,11,2,11.992529244077463,5.996264622038732,1.3761918804679052,9.500563446189387,4.199347994308131,2.579915007136642,1.9204892466259051,1.3464191263984944,3.0360403013475685,9.433987563552472,4.113301912457549,2.5036093703774207,1,0.0
76,3,2,5.9997051017399015,11.9994102034798,17.999115305219703,11.399439693305812,0.01389443439815402,0.008709209420961686,0.0021205439480771206,0.0006498915200520722,1.1064439855635086,1.2367130356650478,1.5068532015435494,0.9706652197656922,0.01385636611781238,0.008689336425105729,0.0021160373844736143,0.00044173095407717646,1,2,2,5.996264622038732,11.992529244077463,5.799665781971886,14.883881419744336,6.324905520118183,2.07973888328863,1.3518390422129445,1.6225516248874072,2.3525737123193764,14.833063167122374,6.217043444499606,0.8929283244075151,1,0.0
77,23,10,11.9994102034798,2.4998771257249586,2.7998623808119536,2.299886955666962,0.004066084483734528,0.0025953490231890824,0.0018990065572554444,0.0017901168710960191,1.266754301065987,1.4377697110116865,3.854603003894024,1.1096130146196153,0.0040406955214463925,0.0024471889463427783,0.0016632816392203671,0.0005577956820056167,0,46,26,5.996264622038732,11.992529244077463,17.595596185982505,4.135683720852902,3.0584480153732185,2.8359702657366657,1.1392348914211112,2.24723587956251,4.602809988381637,4.0454120650086915,2.80250722948942,2.611699626976548,1,0.0
78,4,3,5.9997051017399015,11.9994102034798,17.999115305219703,2.4998771257249586,0.005595965917063731,0.0042666313813149856,0.002477212998556496,0.0007766053826803647,1.062642036125645,1.2183196827478326,1.5536431944465503,3.0396347918403417,0.005580655935108866,0.0042371259788162,0.0024334569688874773,0.0007551989987425532,1,2,2,5.996264622038732,11.992529244077463,5.701366361938463,16.905291934070995,4.909077786809768,2.2495384602731074,1.3609239424707342,1.8352796639422453,2.394581790906308,16.861231874445775,4.87255437847114,1.0095822244309434,1,0.0
79,9,5,11.9994102034798,5.9997051017399015,3.0998476358989486,2.4998771257249586,0.005514082786836632,0.0031540291751498014,0.0016478723723133645,0.0014113287353089935,1.1975144626536718,1.1870611861444402,2.511828702312833,2.2826879045477497,0.00547354572398426,0.003092950186038065,0.0015316837468482662,0.0007610313793935421,1,8,3,5.996264622038732,11.992529244077463,1.3761918804679052,11.010313570673764,5.588231721932544,3.5767876762681206,1.3332125425353425,1.8000743389626308,1.3155055506153683,10.961163619049747,5.561137596434522,3.4950793045111634,1,0.0
80,28,9,11.9994102034798,5.9997051017399015,4.599773911333924,2.39988204069596,0.003588204270532668,0.0015701182889329866,0.0015032727103235892,0.0011483793009610956,1.1640993071906536,2.835531265852161,1.4600165960496982,1.2329277973885588,0.003577449117464764,0.0015296898517406516,0.0013348679117283096,0.000993372849850039,1,3,2,5.996264622038732,11.992529244077463,5.799665781971886,16.421921916365395,4.272115229769069,2.1597891234833737,1.3680950972160844,1.6163669748513314,2.2640055884218317,16.355391032979426,4.237380598607259,0.7699499978856745,1,0.0
81,4,2,11.9994102034798,5.9997051017399015,3.5998230610439403,12.599380713653787,0.011154975857101415,0.0020551365110089287,0.001913602823921948,0.0010281398344152855,1.2487548281439445,1.238563411158779,1.4890803889261264,1.0439793875486032,0.011140610094909712,0.0020367752792331694,0.0018035607986125442,0.0007266023516292622,1,5,3,5.996264622038732,11.992529244077463,1.3761918804679052,9.604141562966186,8.233917114822049,2.46260328492458,1.3763978319444377,1.6358013762580017,1.716807816309304,9.568593214326814,8.206398151609884,2.380232944611117,1,0.0
82,4,2,11.9994102034798,5.9997051017399015,17.999115305219703,3.5998230610439403,0.012928143350470418,0.0023832013079220626,0.0012698321929756186,0.0012689487249344235,1.2293601713908942,1.1566806902301607,1.4748999865467738,1.6507425515522414,0.012911762713703676,0.0023590295066832573,0.001208558725313302,0.0012321806437165304,1,6,3,5.996264622038732,11.992529244077463,17.988793866116193,12.101432020858194,4.259051942228835,2.7051544121895845,1.397650081018753,1.935444732816592,1.7216835969349802,11.980810939786629,4.1284026594668,2.535394229767085,1,0.0
83,4,1,11.9994102034798,6.099700186768899,5.899710016710903,18.0991103902487,0.012779619746456129,0.004837748711896828,0.00349457379195931,0.002378150746998588,1.2455515930758168,2.3858991119861344,1.6908130084294584,3.1222287379833915,0.01277785944852591,0.0047967642844143465,0.0016604616463427142,0.0023381667042045857,1,3,2,11.992529244077463,5.996264622038732,11.697630983977197,11.985425964642706,5.433395527314395,1.8377152252264293,1.7587426823910306,2.227901267136545,2.509103374381098,11.925853598564215,5.360582546575411,1.7515007165907333,1,0.0
84,3,2,11.9994102034798,5.9997051017399015,18.0991103902487,6.6996706969428885,0.010874653581344323,0.007206504767566513,0.002670535035744912,0.001434013063980282,1.234960940995833,4.117971300415248,2.382707386340087,2.482350419020221,0.01085272851631142,0.0071756555867326715,0.00265335183535302,0.0011803452875969842,1,5,2,11.992529244077463,5.996264622038732,7.07755824240637,10.959619397660672,4.1210612074880135,1.9744621694353075,1.851339879297868,1.3764530078798316,2.023824633025285,10.921340558523871,4.0138026999962015,1.7920939359078134,1,0.0
